Manufacturer;OrderDate;Brand;Category;Tyre type;Season;Stud;Run flat;Width;Ratio;Diameter;Load Index;Speed Index;Load Index;Speed Index;Pattern;Weight;OE;Marking;EAN;IPC;Energy;Grip;Rolling noise;Noise echo class;Quantity;List Price ;Net Price ;Currency;PS Account Number;PS Member Name;City
PIRELLI;201803;FORMULA;Car; ;SUMMER; ;0;155;65;14;75;T; ; ;FORMULA ENERGY;5974; ; ;8019227214031;2140300; ; ; ; ;4;55;30.25;EUR;8051195;MACERATESI GOMME SNC;SUBIACO
PIRELLI;201803;FORMULA;Car; ;SUMMER; ;0;175;65;14;82;T; ; ;FORMULA ENERGY;6842; ; ;8019227217599;2175900; ; ; ; ;12;49.5;27.51;EUR;8001333;PIERIS GOMME S.R.L.;SAN CANZIAN D'ISONZO
PIRELLI;201803;FORMULA;Car; ;SUMMER; ;0;175;65;14;82;T; ; ;FORMULA ENERGY;6842; ; ;8019227217599;2175900; ; ; ; ;2;49.5;25.58;EUR;8017820;COGO DAMIANO;MONTECCHIO MAGGIORE
PIRELLI;201803;FORMULA;Car; ;SUMMER; ;0;185;65;15;88;T; ; ;FORMULA ENERGY;7543; ; ;8019227217650;2176500; ; ; ; ;4;58;29.97;EUR;8017820;COGO DAMIANO;MONTECCHIO MAGGIORE
PIRELLI;201803;FORMULA;Car; ;SUMMER; ;0;195;50;15;82;V; ; ;FORMULA ENERGY;7408; ; ;8019227213942;2139400; ; ; ; ;4;58.5;30.23;EUR;8017820;COGO DAMIANO;MONTECCHIO MAGGIORE
PIRELLI;201803;FORMULA;Car; ;SUMMER; ;0;195;65;15;95;T; ; ;FORMULA ENERGY;8823; ; ;8019227217629;2176200; ; ; ; ;2;72.5;39.88;EUR;8052508;VILLANI SNC;CASINALBO
PIRELLI;201803;FORMULA;Car; ;WINTER; ;0;225;40;18;92;V; ; ;FORMULA WINTER;9537; ; ;8019227249798;2497900; ; ; ; ;1;216.5;62.4;EUR;8052402;FRATTINI GOMME;CESANO BOSCONE
PIRELLI;201803;PIRELLI;Car; ;ALL SEASONS; ;0;165;70;14;81;T; ; ;CINTURATO ALL SEASON;6943; ; ;8019227273007;2730000; ; ; ; ;6;80.5;42.38;EUR;8001487;MOSCONI GOMME E SERVICE S.A.S;GREZZANA
PIRELLI;201803;PIRELLI;Car; ;ALL SEASONS; ;0;175;65;14;82;T; ; ;CINTURATO ALL SEASON;6992; ; ;8019227352665;3526600; ; ; ; ;4;80.5;42.38;EUR;8001487;MOSCONI GOMME E SERVICE S.A.S;GREZZANA
PIRELLI;201803;PIRELLI;Car; ;ALL SEASONS; ;0;175;65;14;82;T; ; ;CINTURATO ALL SEASON;6992; ; ;8019227352665;3526600; ; ; ; ;10;80.5;42.38;EUR;8004940;COMMERCIALE  PNEUMATICI  SRL;PRADAMANO
PIRELLI;201803;PIRELLI;Car; ;ALL SEASONS; ;0;175;65;14;82;T; ; ;CINTURATO ALL SEASON;6992; ; ;8019227352665;3526600; ; ; ; ;4;80.5;42.38;EUR;8001762;DRAGO LORENZO GOMME & C.SNC;TAGLIO DI PO
PIRELLI;201803;PIRELLI;Car; ;ALL SEASONS; ;0;175;65;15;84;H; ; ;CINTURATO ALL SEASON;6939; ; ;8019227253306;2533000; ; ; ; ;1;101;55.56;EUR;8019631;FURLANGOMME SRL;UDINE
PIRELLI;201803;PIRELLI;Car; ;ALL SEASONS; ;0;175;65;15;84;H; ; ;CINTURATO ALL SEASON;6939; ; ;8019227253306;2533000; ; ; ; ;4;101;54.54;EUR;8001432;PIVA GOMME SCHIO S.R.L.;SCHIO
PIRELLI;201803;PIRELLI;Car; ;ALL SEASONS; ;0;175;65;15;84;H; ; ;CINTURATO ALL SEASON;6939; ; ;8019227253306;2533000; ; ; ; ;4;101;52.63;EUR;8005347;GUGLIELMO VITTORIO SRL;ROVIGO
PIRELLI;201803;PIRELLI;Car; ;ALL SEASONS; ;0;175;65;15;84;H; ; ;CINTURATO ALL SEASON PLUS;7541; ; ;8019227308990;3089900; ; ; ; ;2;101;51.17;EUR;8040786;FERRARI GOMME SNC;ROZZANO FRAZ.QUINTO DE'STAMPI
PIRELLI;201803;PIRELLI;Car; ;ALL SEASONS; ;0;185;55;15;82;H; ; ;CINTURATO ALL SEASON PLUS;7657; ; ;8019227309003;3090000; ; ; ; ;2;111;57.36;EUR;8043214;BREMBATI GOMME SRL;MILANO
PIRELLI;201803;PIRELLI;Car; ;ALL SEASONS; ;0;185;55;15;82;H; ; ;CINTURATO ALL SEASON PLUS;7657; ; ;8019227309003;3090000; ; ; ; ;4;111;56.77;EUR;8015314;GIACOBAZZI GOMME DI ALBERTO G.;MONTEGROTTO TERME
PIRELLI;201803;PIRELLI;Car; ;ALL SEASONS; ;0;185;55;15;82;H; ; ;CINTURATO ALL SEASON PLUS;7657; ; ;8019227309003;3090000; ; ; ; ;4;111;58.44;EUR;8001333;PIERIS GOMME S.R.L.;SAN CANZIAN D'ISONZO
PIRELLI;201803;PIRELLI;Car; ;ALL SEASONS; ;0;185;55;15;82;H; ; ;CINTURATO ALL SEASON PLUS;7657; ; ;8019227309003;3090000; ; ; ; ;4;111;59.94;EUR;8001432;PIVA GOMME SCHIO S.R.L.;SCHIO
PIRELLI;201803;PIRELLI;Car; ;ALL SEASONS; ;0;185;55;15;82;H; ; ;CINTURATO ALL SEASON PLUS;7657; ; ;8019227309003;3090000; ; ; ; ;4;111;58.44;EUR;8001304;SOLIGO S.N.C. DI SOLIGO R.L. & C.;QUINTO DI TREVISO
PIRELLI;201803;PIRELLI;Car; ;ALL SEASONS; ;0;185;55;15;82;H; ; ;CINTURATO ALL SEASON PLUS;7657; ; ;8019227309003;3090000; ; ; ; ;4;111;58.44;EUR;8004940;COMMERCIALE  PNEUMATICI  SRL;PRADAMANO
PIRELLI;201803;PIRELLI;Car; ;ALL SEASONS; ;0;185;60;15;88;H; ; ;CINTURATO ALL SEASON PLUS;7618; ; ;8019227308877;3088700; ; ; ; ;4;110.5;58.18;EUR;8001304;SOLIGO S.N.C. DI SOLIGO R.L. & C.;QUINTO DI TREVISO
PIRELLI;201803;PIRELLI;Car; ;ALL SEASONS; ;0;185;65;15;88;H; ; ;CINTURATO ALL SEASON;7583; ; ;8019227253337;2533300; ; ; ; ;4;92;48.44;EUR;8001304;SOLIGO S.N.C. DI SOLIGO R.L. & C.;QUINTO DI TREVISO
PIRELLI;201803;PIRELLI;Car; ;ALL SEASONS; ;0;185;65;15;88;H; ; ;CINTURATO ALL SEASON PLUS;8161; ; ;8019227308976;3089700; ; ; ; ;4;92;48.44;EUR;8001333;PIERIS GOMME S.R.L.;SAN CANZIAN D'ISONZO
PIRELLI;201803;PIRELLI;Car; ;ALL SEASONS; ;0;185;65;15;88;H; ; ;CINTURATO ALL SEASON PLUS;8161; ; ;8019227308976;3089700; ; ; ; ;4;92;47.54;EUR;8005783;LUSI GOMMA S.R.L.;BUONCONVENTO
PIRELLI;201803;PIRELLI;Car; ;ALL SEASONS; ;0;185;65;15;88;H; ; ;CINTURATO ALL SEASON PLUS;8161; ; ;8019227308976;3089700; ; ; ; ;8;92;49.68;EUR;8001432;PIVA GOMME SCHIO S.R.L.;SCHIO
PIRELLI;201803;PIRELLI;Car; ;ALL SEASONS; ;0;185;65;15;88;H; ; ;CINTURATO ALL SEASON PLUS;8161; ; ;8019227308976;3089700; ; ; ; ;4;92;48.44;EUR;8001304;SOLIGO S.N.C. DI SOLIGO R.L. & C.;QUINTO DI TREVISO
PIRELLI;201803;PIRELLI;Car; ;ALL SEASONS; ;0;185;65;15;88;H; ; ;CINTURATO ALL SEASON PLUS;8161; ; ;8019227308976;3089700; ; ; ; ;8;92;47.94;EUR;8005347;GUGLIELMO VITTORIO SRL;ROVIGO
PIRELLI;201803;PIRELLI;Car; ;ALL SEASONS; ;0;185;65;15;88;H; ; ;CINTURATO ALL SEASON PLUS;8161; ; ;8019227308976;3089700; ; ; ; ;4;92;48.44;EUR;8004940;COMMERCIALE  PNEUMATICI  SRL;PRADAMANO
PIRELLI;201803;PIRELLI;Car; ;ALL SEASONS; ;0;195;55;16;87;V; ; ;CINTURATO ALL SEASON PLUS;8528; ; ;8019227308914;3089100; ; ; ; ;4;153.5;80.82;EUR;8001487;MOSCONI GOMME E SERVICE S.A.S;GREZZANA
PIRELLI;201803;PIRELLI;Car; ;ALL SEASONS; ;0;195;65;15;91;H; ; ;CINTURATO ALL SEASON PLUS;8910; ; ;8019227308884;3088800; ; ; ; ;4;85.5;45.02;EUR;8001333;PIERIS GOMME S.R.L.;SAN CANZIAN D'ISONZO
PIRELLI;201803;PIRELLI;Car; ;ALL SEASONS; ;0;195;65;15;91;V; ; ;CINTURATO ALL SEASON PLUS;8829; ; ;8019227308891;3088900; ; ; ; ;8;89.5;48.33;EUR;8001432;PIVA GOMME SCHIO S.R.L.;SCHIO
PIRELLI;201803;PIRELLI;Car; ;ALL SEASONS; ;0;205;55;16;91;V; ; ;CINTURATO ALL SEASON PLUS;9275; ; ;8019227308938;3089300; ; ; ; ;4;110.5;58.18;EUR;8001487;MOSCONI GOMME E SERVICE S.A.S;GREZZANA
PIRELLI;201803;PIRELLI;Car; ;ALL SEASONS; ;0;225;45;17;94;W; ; ;CINTURATO ALL SEASON PLUS;10257; ; ;8019227308969;3089600; ; ; ; ;4;145.5;74.48;EUR;8001304;SOLIGO S.N.C. DI SOLIGO R.L. & C.;QUINTO DI TREVISO
PIRELLI;201803;PIRELLI;Car; ;ALL SEASONS; ;0;225;50;17;98;W; ; ;CINTURATO ALL SEASON PLUS;10245; ; ;8019227309072;3090700; ; ; ; ;4;198.5;98.71;EUR;8052402;FRATTINI GOMME;CESANO BOSCONE
PIRELLI;201803;PIRELLI;Car; ;ALL SEASONS; ;0;225;50;17;98;W; ; ;CINTURATO ALL SEASON PLUS;10245; ; ;8019227309072;3090700; ; ; ; ;4;198.5;101.61;EUR;8004940;COMMERCIALE  PNEUMATICI  SRL;PRADAMANO
PIRELLI;201803;PIRELLI;Car; ;SUMMER; ;1;225;40;19;89;Y; ; ;PZERO;11031;*; ;8019227199079;1990700; ; ; ; ;2;350.5;179.41;EUR;8001487;MOSCONI GOMME E SERVICE S.A.S;GREZZANA
PIRELLI;201803;PIRELLI;Car; ;SUMMER; ;1;225;45;18;91;W; ; ;CINTURATO P7;11430;AR; ;8019227264029;2640200; ; ; ; ;2;236.5;117.6;EUR;8052402;FRATTINI GOMME;CESANO BOSCONE
PIRELLI;201803;PIRELLI;Car; ;SUMMER; ;1;225;45;18;95;Y; ; ;CINTURATO P7;11942;*; ;8019227254419;2544100; ; ; ; ;2;252;128.99;EUR;8001487;MOSCONI GOMME E SERVICE S.A.S;GREZZANA
PIRELLI;201803;PIRELLI;Car; ;SUMMER; ;1;245;45;18;100;Y; ; ;CINTURATO P7;12844;*MOE; ;8019227247916;2479100; ; ; ; ;4;259.5;127.71;EUR;8040786;FERRARI GOMME SNC;ROZZANO FRAZ.QUINTO DE'STAMPI
PIRELLI;201803;PIRELLI;Car; ;SUMMER; ;1;245;45;19;98;Y; ; ;P-ZERO;13470;*; ;8019227254433;2544300; ; ; ; ;2;347.5;171.02;EUR;8040786;FERRARI GOMME SNC;ROZZANO FRAZ.QUINTO DE'STAMPI
PIRELLI;201803;PIRELLI;Car; ;SUMMER; ;1;255;35;19;96;Y; ; ;PZERO;12567;*; ;8019227260465;2604600; ; ; ; ;2;343;175.57;EUR;8001487;MOSCONI GOMME E SERVICE S.A.S;GREZZANA
PIRELLI;201803;PIRELLI;Car; ;SUMMER; ;1;255;40;18;95;Y; ; ;CINTURATO P7;12877;*; ;8019227199062;1990600; ; ; ; ;2;405;203.36;EUR;8005783;LUSI GOMMA S.R.L.;BUONCONVENTO
PIRELLI;201803;PIRELLI;Car; ;SUMMER; ;0;165;70;14;81;T; ; ;CINTURATO P1;6533; ; ;8019227232554;2325500; ; ; ; ;2;73;33.64;EUR;8052402;FRATTINI GOMME;CESANO BOSCONE
PIRELLI;201803;PIRELLI;Car; ;SUMMER; ;0;175;65;14;82;T; ; ;CINTURATO P1;6670; ; ;8019227232578;2325700; ; ; ; ;8;77;33.29;EUR;8015314;GIACOBAZZI GOMME DI ALBERTO G.;MONTEGROTTO TERME
PIRELLI;201803;PIRELLI;Car; ;SUMMER; ;0;175;65;14;82;T; ; ;CINTURATO P1;6670; ; ;8019227232578;2325700; ; ; ; ;4;77;33.64;EUR;8005783;LUSI GOMMA S.R.L.;BUONCONVENTO
PIRELLI;201803;PIRELLI;Car; ;SUMMER; ;0;175;65;14;82;T; ; ;CINTURATO P1;6670; ; ;8019227232578;2325700; ; ; ; ;8;77;33.64;EUR;8052402;FRATTINI GOMME;CESANO BOSCONE
PIRELLI;201803;PIRELLI;Car; ;SUMMER; ;0;175;65;14;82;T; ; ;CINTURATO P1;6670; ; ;8019227232578;2325700; ; ; ; ;4;77;33.64;EUR;8017820;COGO DAMIANO;MONTECCHIO MAGGIORE
PIRELLI;201803;PIRELLI;Car; ;SUMMER; ;0;175;65;14;82;T; ; ;CINTURATO P1;6670; ; ;8019227232578;2325700; ; ; ; ;10;77;33.64;EUR;8001487;MOSCONI GOMME E SERVICE S.A.S;GREZZANA
PIRELLI;201803;PIRELLI;Car; ;SUMMER; ;0;175;65;14;82;T; ; ;CINTURATO P1;6670; ; ;8019227232578;2325700; ; ; ; ;8;77;33.64;EUR;8004940;COMMERCIALE  PNEUMATICI  SRL;PRADAMANO
PIRELLI;201803;PIRELLI;Car; ;SUMMER; ;0;175;65;14;82;T; ; ;CINTURATO P1;6670; ; ;8019227232578;2325700; ; ; ; ;12;77;33.29;EUR;8005361;SPRINT GOMME SNC;SOAVE
PIRELLI;201803;PIRELLI;Car; ;SUMMER; ;0;175;70;14;88;T; ; ;CINTURATO P1;6986; ; ;8019227259537;2595300; ; ; ; ;4;95;48.59;EUR;8015314;GIACOBAZZI GOMME DI ALBERTO G.;MONTEGROTTO TERME
PIRELLI;201803;PIRELLI;Car; ;SUMMER; ;0;185;55;15;82;H; ; ;CINTURATO P1;7039; ; ;8019227232622;2326200; ; ; ; ;4;106;55.24;EUR;8015314;GIACOBAZZI GOMME DI ALBERTO G.;MONTEGROTTO TERME
PIRELLI;201803;PIRELLI;Car; ;SUMMER; ;0;185;55;15;82;H; ; ;CINTURATO P1;7039; ; ;8019227232622;2326200; ; ; ; ;2;106;55.81;EUR;8001333;PIERIS GOMME S.R.L.;SAN CANZIAN D'ISONZO
PIRELLI;201803;PIRELLI;Car; ;SUMMER; ;0;185;55;15;82;H; ; ;CINTURATO P1;7039; ; ;8019227232622;2326200; ; ; ; ;4;106;55.81;EUR;8004940;COMMERCIALE  PNEUMATICI  SRL;PRADAMANO
PIRELLI;201803;PIRELLI;Car; ;SUMMER; ;0;185;55;15;82;H; ; ;CINTURATO P1;7039; ; ;8019227232622;2326200; ; ; ; ;4;106;55.24;EUR;8005361;SPRINT GOMME SNC;SOAVE
PIRELLI;201803;PIRELLI;Car; ;SUMMER; ;0;185;60;14;82;H; ; ;CINTURATO P1;6995; ; ;8019227232646;2326400; ; ; ; ;2;76;35.1;EUR;8001487;MOSCONI GOMME E SERVICE S.A.S;GREZZANA
PIRELLI;201803;PIRELLI;Car; ;SUMMER; ;0;185;60;14;82;H; ; ;CINTURATO P1;6995; ; ;8019227232646;2326400; ; ; ; ;4;76;35.1;EUR;8001304;SOLIGO S.N.C. DI SOLIGO R.L. & C.;QUINTO DI TREVISO
PIRELLI;201803;PIRELLI;Car; ;SUMMER; ;0;185;60;15;84;H; ; ;CINTURATO P1;7390; ; ;8019227281316;2813100; ; ; ; ;4;100;47.29;EUR;8001304;SOLIGO S.N.C. DI SOLIGO R.L. & C.;QUINTO DI TREVISO
PIRELLI;201803;PIRELLI;Car; ;SUMMER; ;0;185;60;15;88;H; ; ;CINTURATO P1;7401; ; ;8019227267815;2678100; ; ; ; ;4;104.5;55.02;EUR;8001762;DRAGO LORENZO GOMME & C.SNC;TAGLIO DI PO
PIRELLI;201803;PIRELLI;Car; ;SUMMER; ;0;185;65;15;88;H; ; ;CINTURATO P1;7649; ; ;8019227232677;2326700; ; ; ; ;4;96.5;53.08;EUR;8019631;FURLANGOMME SRL;UDINE
PIRELLI;201803;PIRELLI;Car; ;SUMMER; ;0;185;65;15;88;H; ; ;CINTURATO P1;7649; ; ;8019227232677;2326700; ; ; ; ;2;96.5;53.63;EUR;8017183;LK KOMJANC LUIGI SRL;GORIZIA
PIRELLI;201803;PIRELLI;Car; ;SUMMER; ;0;185;65;15;88;T; ; ;CINTURATO P1;7495; ; ;8019227232714;2327100; ; ; ; ;13;83.5;38.12;EUR;8040786;FERRARI GOMME SNC;ROZZANO FRAZ.QUINTO DE'STAMPI
PIRELLI;201803;PIRELLI;Car; ;SUMMER; ;0;185;65;15;88;T; ; ;CINTURATO P1;7495; ; ;8019227232714;2327100; ; ; ; ;12;83.5;38.12;EUR;8015314;GIACOBAZZI GOMME DI ALBERTO G.;MONTEGROTTO TERME
PIRELLI;201803;PIRELLI;Car; ;SUMMER; ;0;185;65;15;88;T; ; ;CINTURATO P1;7495; ; ;8019227232714;2327100; ; ; ; ;8;83.5;38.51;EUR;8001333;PIERIS GOMME S.R.L.;SAN CANZIAN D'ISONZO
PIRELLI;201803;PIRELLI;Car; ;SUMMER; ;0;185;65;15;88;T; ; ;CINTURATO P1;7495; ; ;8019227232714;2327100; ; ; ; ;16;83.5;38.51;EUR;8052402;FRATTINI GOMME;CESANO BOSCONE
PIRELLI;201803;PIRELLI;Car; ;SUMMER; ;0;185;65;15;88;T; ; ;CINTURATO P1;7495; ; ;8019227232714;2327100; ; ; ; ;8;83.5;38.51;EUR;8001487;MOSCONI GOMME E SERVICE S.A.S;GREZZANA
PIRELLI;201803;PIRELLI;Car; ;SUMMER; ;0;185;65;15;88;T; ; ;CINTURATO P1;7495; ; ;8019227232714;2327100; ; ; ; ;4;83.5;38.12;EUR;8005347;GUGLIELMO VITTORIO SRL;ROVIGO
PIRELLI;201803;PIRELLI;Car; ;SUMMER; ;0;185;65;15;88;T; ; ;CINTURATO P1;7495; ; ;8019227232714;2327100; ; ; ; ;4;83.5;38.51;EUR;8004940;COMMERCIALE  PNEUMATICI  SRL;PRADAMANO
PIRELLI;201803;PIRELLI;Car; ;SUMMER; ;0;185;65;15;88;T; ; ;CINTURATO P1;7495; ; ;8019227232714;2327100; ; ; ; ;12;83.5;38.12;EUR;8005361;SPRINT GOMME SNC;SOAVE
PIRELLI;201803;PIRELLI;Car; ;SUMMER; ;0;185;65;15;92;H; ; ;CINTURATO P1;7747; ; ;8019227262285;2622800; ; ; ; ;2;87;45.81;EUR;8001487;MOSCONI GOMME E SERVICE S.A.S;GREZZANA
PIRELLI;201803;PIRELLI;Car; ;SUMMER; ;0;195;45;16;84;V; ; ;PZERO NERO GT;8477; ; ;8019227238303;2383000; ; ; ; ;2;113.5;53.14;EUR;8001487;MOSCONI GOMME E SERVICE S.A.S;GREZZANA
PIRELLI;201803;PIRELLI;Car; ;SUMMER; ;0;195;50;15;82;V; ; ;CINTURATO P1;7125; ; ;8019227232851;2328500; ; ; ; ;1;83.5;42.3;EUR;8040786;FERRARI GOMME SNC;ROZZANO FRAZ.QUINTO DE'STAMPI
PIRELLI;201803;PIRELLI;Car; ;SUMMER; ;0;195;55;16;87;H; ; ;CINTURATO P1;7598; ; ;8019227232776;2327700; ; ; ; ;9;119;60.29;EUR;8040786;FERRARI GOMME SNC;ROZZANO FRAZ.QUINTO DE'STAMPI
PIRELLI;201803;PIRELLI;Car; ;SUMMER; ;0;195;55;16;87;H; ; ;CINTURATO P1;7598; ; ;8019227232776;2327700; ; ; ; ;4;119;62.01;EUR;8015314;GIACOBAZZI GOMME DI ALBERTO G.;MONTEGROTTO TERME
PIRELLI;201803;PIRELLI;Car; ;SUMMER; ;0;195;55;16;87;H; ; ;CINTURATO P1;7598; ; ;8019227232776;2327700; ; ; ; ;4;119;62.65;EUR;8001333;PIERIS GOMME S.R.L.;SAN CANZIAN D'ISONZO
PIRELLI;201803;PIRELLI;Car; ;SUMMER; ;0;195;55;16;87;H; ; ;CINTURATO P1;7598; ; ;8019227232776;2327700; ; ; ; ;4;119;60.91;EUR;8052402;FRATTINI GOMME;CESANO BOSCONE
PIRELLI;201803;PIRELLI;Car; ;SUMMER; ;0;195;60;15;88;H; ; ;CINTURATO P1;7963; ; ;8019227232783;2327800; ; ; ; ;4;95;50.02;EUR;8001762;DRAGO LORENZO GOMME & C.SNC;TAGLIO DI PO
PIRELLI;201803;PIRELLI;Car; ;SUMMER; ;0;195;65;15;91;H; ; ;CINTURATO P1;8332; ; ;8019227232769;2327600; ; ; ; ;5;81;42.21;EUR;8005361;SPRINT GOMME SNC;SOAVE
PIRELLI;201803;PIRELLI;Car; ;SUMMER; ;0;195;65;15;95;H; ; ;CINTURATO P1;8678; ; ;8019227232868;2328600; ; ; ; ;2;100;51.19;EUR;8052402;FRATTINI GOMME;CESANO BOSCONE
PIRELLI;201803;PIRELLI;Car; ;SUMMER; ;0;205;45;16;83;W; ; ;PZERO NERO GT;8334; ; ;8019227238334;2383300; ; ; ; ;1;128.5;66.95;EUR;8005347;GUGLIELMO VITTORIO SRL;ROVIGO
PIRELLI;201803;PIRELLI;Car; ;SUMMER; ;0;205;50;17;89;V; ; ;CINTURATO P7;8601; ; ;8019227281477;2814700; ; ; ; ;4;152;77.01;EUR;8005347;GUGLIELMO VITTORIO SRL;ROVIGO
PIRELLI;201803;PIRELLI;Car; ;SUMMER; ;0;205;50;17;93;V; ; ;CINTURATO P7;9220; ; ;8019227232912;2329100; ; ; ; ;4;155;76.28;EUR;8040786;FERRARI GOMME SNC;ROZZANO FRAZ.QUINTO DE'STAMPI
PIRELLI;201803;PIRELLI;Car; ;SUMMER; ;0;205;50;17;93;V; ; ;CINTURATO P7;9220; ; ;8019227232912;2329100; ; ; ; ;4;155;79.34;EUR;8001762;DRAGO LORENZO GOMME & C.SNC;TAGLIO DI PO
PIRELLI;201803;PIRELLI;Car; ;SUMMER; ;0;205;55;16;91;V; ; ;CINTURATO P7;8295; ; ;8019227232899;2328900; ; ; ; ;4;93.5;43.39;EUR;8017820;COGO DAMIANO;MONTECCHIO MAGGIORE
PIRELLI;201803;PIRELLI;Car; ;SUMMER; ;0;205;55;16;91;V; ; ;CINTURATO P7;8295; ; ;8019227232899;2328900; ; ; ; ;20;93.5;43.39;EUR;8001304;SOLIGO S.N.C. DI SOLIGO R.L. & C.;QUINTO DI TREVISO
PIRELLI;201803;PIRELLI;Car; ;SUMMER; ;0;205;55;16;91;V; ; ;CINTURATO P7;8295; ; ;8019227232899;2328900; ; ; ; ;4;93.5;43.39;EUR;8001762;DRAGO LORENZO GOMME & C.SNC;TAGLIO DI PO
PIRELLI;201803;PIRELLI;Car; ;SUMMER; ;0;205;55;16;91;V; ; ;CINTURATO P7;8295; ; ;8019227232899;2328900; ; ; ; ;1;93.5;51.96;EUR;8005712;AZZOLINI SOTTOCORNO S.N.C.;MILANO
PIRELLI;201803;PIRELLI;Car; ;SUMMER; ;0;205;55;16;91;V; ; ;CINTURATO P7 BLUE;7780;AO; ;8019227249842;2498400; ; ; ; ;4;104;53.74;EUR;8043214;BREMBATI GOMME SRL;MILANO
PIRELLI;201803;PIRELLI;Car; ;SUMMER; ;0;215;40;17;87;W; ; ;PZERO NERO GT;9778; ; ;8019227238389;2383800; ; ; ; ;2;162;82.93;EUR;8001487;MOSCONI GOMME E SERVICE S.A.S;GREZZANA
PIRELLI;201803;PIRELLI;Car; ;SUMMER; ;0;215;50;17;95;V; ; ;CINTURATO P1;8824; ; ;8019227311679;3116700; ; ; ; ;4;161;80.06;EUR;8052402;FRATTINI GOMME;CESANO BOSCONE
PIRELLI;201803;PIRELLI;Car; ;SUMMER; ;0;225;40;18;92;Y; ; ;P-ZERO;9321; ; ;8019227277531;2775300; ; ; ; ;4;146;74.73;EUR;8004940;COMMERCIALE  PNEUMATICI  SRL;PRADAMANO
PIRELLI;201803;PIRELLI;Car; ;SUMMER; ;0;225;40;18;92;Y; ; ;PZERO NERO GT;9413; ; ;8019227259643;2596400; ; ; ; ;1;136.5;68.53;EUR;8005783;LUSI GOMMA S.R.L.;BUONCONVENTO
PIRELLI;201803;PIRELLI;Car; ;SUMMER; ;0;225;45;17;91;W; ; ;CINTURATO P7;9371; ; ;8019227225976;2259700; ; ; ; ;8;117.5;59.53;EUR;8005347;GUGLIELMO VITTORIO SRL;ROVIGO
PIRELLI;201803;PIRELLI;Car; ;SUMMER; ;0;225;45;17;91;Y; ; ;CINTURATO P7;8495;AO; ;8019227228892;2288900; ; ; ; ;4;121.5;62.19;EUR;8017820;COGO DAMIANO;MONTECCHIO MAGGIORE
PIRELLI;201803;PIRELLI;Car; ;SUMMER; ;0;225;45;17;91;Y; ; ;CINTURATO P7;9136; ; ;8019227308785;3087800; ; ; ; ;4;120.5;61.68;EUR;8017820;COGO DAMIANO;MONTECCHIO MAGGIORE
PIRELLI;201803;PIRELLI;Car; ;SUMMER; ;0;225;45;17;91;Y; ; ;CINTURATO P7;9136; ; ;8019227308785;3087800; ; ; ; ;4;120.5;61.68;EUR;8001487;MOSCONI GOMME E SERVICE S.A.S;GREZZANA
PIRELLI;201803;PIRELLI;Car; ;SUMMER; ;0;225;45;17;91;Y; ; ;CINTURATO P7;9136; ; ;8019227308785;3087800; ; ; ; ;8;120.5;61.68;EUR;8001304;SOLIGO S.N.C. DI SOLIGO R.L. & C.;QUINTO DI TREVISO
PIRELLI;201803;PIRELLI;Car; ;SUMMER; ;0;225;45;17;91;Y; ; ;CINTURATO P7 BLUE;8680; ; ;8019227311631;3116300; ; ; ; ;3;152;77.01;EUR;8005347;GUGLIELMO VITTORIO SRL;ROVIGO
PIRELLI;201803;PIRELLI;Car; ;SUMMER; ;0;225;45;17;94;Y; ; ;PZERO NERO GT;9985; ; ;8019227238396;2383900; ; ; ; ;1;117.5;57.82;EUR;8040786;FERRARI GOMME SNC;ROZZANO FRAZ.QUINTO DE'STAMPI
PIRELLI;201803;PIRELLI;Car; ;SUMMER; ;0;225;45;17;94;Y; ; ;PZERO NERO GT;9985; ; ;8019227238396;2383900; ; ; ; ;4;117.5;58.4;EUR;8015314;GIACOBAZZI GOMME DI ALBERTO G.;MONTEGROTTO TERME
PIRELLI;201803;PIRELLI;Car; ;SUMMER; ;0;225;50;17;98;Y; ; ;CINTURATO P7;10397;AO; ;8019227241792;2417900; ; ; ; ;8;177;87.11;EUR;8040786;FERRARI GOMME SNC;ROZZANO FRAZ.QUINTO DE'STAMPI
PIRELLI;201803;PIRELLI;Car; ;SUMMER; ;0;225;50;17;98;Y; ; ;PZERO NERO GT;11264; ; ;8019227249279;2492700; ; ; ; ;8;158.5;78.01;EUR;8040786;FERRARI GOMME SNC;ROZZANO FRAZ.QUINTO DE'STAMPI
PIRELLI;201803;PIRELLI;Car; ;SUMMER; ;0;225;50;17;98;Y; ; ;PZERO NERO GT;11264; ; ;8019227249279;2492700; ; ; ; ;8;158.5;78.81;EUR;8052402;FRATTINI GOMME;CESANO BOSCONE
PIRELLI;201803;PIRELLI;Car; ;SUMMER; ;0;225;60;17;99;V; ; ;CINTURATO P7;12108;*; ;8019227194197;1941900; ; ; ; ;4;198.5;98.71;EUR;8052402;FRATTINI GOMME;CESANO BOSCONE
PIRELLI;201803;PIRELLI;Car; ;SUMMER; ;0;235;35;19;91;Y; ; ;P-ZERO;10028;AO1; ;8019227291407;2914000; ; ; ; ;4;230;114.37;EUR;8052402;FRATTINI GOMME;CESANO BOSCONE
PIRELLI;201803;PIRELLI;Car; ;SUMMER; ;0;235;35;19;91;Y; ; ;P-ZERO;10059; ; ;8019227281347;2813400; ; ; ; ;4;235;115.66;EUR;8040786;FERRARI GOMME SNC;ROZZANO FRAZ.QUINTO DE'STAMPI
PIRELLI;201803;PIRELLI;Car; ;SUMMER; ;0;235;40;18;91;Y; ; ;PZERO ROSSO ASIMMETRICO;10916;N4; ;8019227254099;2540900; ; ; ; ;2;219;112.1;EUR;8004940;COMMERCIALE  PNEUMATICI  SRL;PRADAMANO
PIRELLI;201803;PIRELLI;Car; ;SUMMER; ;0;235;40;18;95;Y; ; ;PZERO NERO GT;10372; ; ;8019227238464;2384600; ; ; ; ;4;168;85.11;EUR;8005347;GUGLIELMO VITTORIO SRL;ROVIGO
PIRELLI;201803;PIRELLI;Car; ;SUMMER; ;0;235;45;17;94;W; ; ;CINTURATO P7;11146; ; ;8019227200171;2001700; ; ; ; ;4;158.5;85.77;EUR;8018471;PORFIDI GOMME SRL;FORNACE
PIRELLI;201803;PIRELLI;Car; ;SUMMER; ;0;235;45;17;97;Y; ; ;PZERO;10768; ; ;8019227174427;1744200; ; ; ; ;-1;208.5;87.57;EUR;8001432;PIVA GOMME SCHIO S.R.L.;SCHIO
PIRELLI;201803;PIRELLI;Car; ;SUMMER; ;0;235;45;17;97;Y; ; ;PZERO NERO GT;10619; ; ;8019227238402;2384000; ; ; ; ;2;142.5;70.13;EUR;8040786;FERRARI GOMME SNC;ROZZANO FRAZ.QUINTO DE'STAMPI
PIRELLI;201803;PIRELLI;Car; ;SUMMER; ;0;235;45;17;97;Y; ; ;PZERO NERO GT;10619; ; ;8019227238402;2384000; ; ; ; ;4;142.5;72.2;EUR;8005347;GUGLIELMO VITTORIO SRL;ROVIGO
PIRELLI;201803;PIRELLI;Car; ;SUMMER; ;0;235;45;18;98;Y; ; ;PZERO NERO GT;10975; ; ;8019227238457;2384500; ; ; ; ;2;218.5;109.71;EUR;8043214;BREMBATI GOMME SRL;MILANO
PIRELLI;201803;PIRELLI;Car; ;SUMMER; ;0;245;35;20;95;Y; ; ;P-ZERO;9400;MGT; ;8019227313611;3136100; ; ; ; ;2;331;166.21;EUR;8005783;LUSI GOMMA S.R.L.;BUONCONVENTO
PIRELLI;201803;PIRELLI;Car; ;SUMMER; ;0;245;35;20;95;Y; ; ;P-ZERO;9400;MGT; ;8019227313611;3136100; ; ; ; ;2;331;179.11;EUR;8001523;GARDA GOMME DI A & G SNC;ARCO
PIRELLI;201803;PIRELLI;Car; ;SUMMER; ;0;245;40;18;97;Y; ; ;PZERO;10206;MO; ;8019227194944;1949400; ; ; ; ;2;182;98.49;EUR;8017183;LK KOMJANC LUIGI SRL;GORIZIA
PIRELLI;201803;PIRELLI;Car; ;SUMMER; ;0;245;40;18;97;Y; ; ;PZERO NERO GT;11174; ; ;8019227237351;2373500; ; ; ; ;4;174;88.15;EUR;8005347;GUGLIELMO VITTORIO SRL;ROVIGO
PIRELLI;201803;PIRELLI;Car; ;SUMMER; ;0;245;45;18;100;Y; ; ;P-ZERO;10267; ; ;8019227274301;2743000; ; ; ; ;2;206.5;103.69;EUR;8043214;BREMBATI GOMME SRL;MILANO
PIRELLI;201803;PIRELLI;Car; ;SUMMER; ;0;245;45;18;100;Y; ; ;P-ZERO;10267; ; ;8019227274301;2743000; ; ; ; ;4;206.5;101.63;EUR;8040786;FERRARI GOMME SNC;ROZZANO FRAZ.QUINTO DE'STAMPI
PIRELLI;201803;PIRELLI;Car; ;SUMMER; ;0;255;35;18;94;Y; ; ;PZERO;11210;MORO1; ;8019227180046;1800400; ; ; ; ;2;217;111.08;EUR;8001333;PIERIS GOMME S.R.L.;SAN CANZIAN D'ISONZO
PIRELLI;201803;PIRELLI;Car; ;SUMMER; ;0;255;35;19;96;Y; ; ;PZERO;10429;MO; ;8019227199758;1997500; ; ; ; ;2;245.5;123.27;EUR;8043214;BREMBATI GOMME SRL;MILANO
PIRELLI;201803;PIRELLI;Car; ;SUMMER; ;0;255;35;20;97;Y; ; ;P-ZERO;11527;J; ;8019227274028;2740200; ; ; ; ;4;280.5;142.11;EUR;8005361;SPRINT GOMME SNC;SOAVE
PIRELLI;201803;PIRELLI;Car; ;SUMMER; ;0;255;40;19;100;Y; ; ;PZERO;12513;AO; ;8019227199642;1996400; ; ; ; ;4;263;130.78;EUR;8052402;FRATTINI GOMME;CESANO BOSCONE
PIRELLI;201803;PIRELLI;Car; ;SUMMER; ;0;255;40;19;100;Y; ; ;PZERO;12056;MO; ;8019227271331;2713300; ; ; ; ;2;263;132.06;EUR;8005783;LUSI GOMMA S.R.L.;BUONCONVENTO
PIRELLI;201803;PIRELLI;Car; ;SUMMER; ;0;255;45;19;100;Y; ; ;PZERO;13152;AO; ;8019227212556;2125500; ; ; ; ;4;310.5;158.94;EUR;8017820;COGO DAMIANO;MONTECCHIO MAGGIORE
PIRELLI;201803;PIRELLI;Car; ;SUMMER; ;0;285;35;20;100;Y; ; ;P-ZERO;12937;MGT; ;8019227313628;3136200; ; ; ; ;2;386;193.82;EUR;8005783;LUSI GOMMA S.R.L.;BUONCONVENTO
PIRELLI;201803;PIRELLI;Car; ;SUMMER; ;0;295;35;18;99;Y; ; ;PZERO ROSSO ASIMMETRICO;12885; ; ;8019227259315;2593100; ; ; ; ;2;461.5;236.23;EUR;8004940;COMMERCIALE  PNEUMATICI  SRL;PRADAMANO
PIRELLI;201803;PIRELLI;Car; ;WINTER; ;1;225;45;18;95;V; ; ;WINTER 240 SOTTOZERO SERIE II;11608;*; ;8019227235494;2354900; ; ; ; ;2;394;139.48;EUR;8052402;FRATTINI GOMME;CESANO BOSCONE
PIRELLI;201803;PIRELLI;Car; ;WINTER; ;1;245;45;18;100;V; ; ;WINTER SOTTOZERO 3;13036;*MOE; ;8019227247961;2479600; ; ; ; ;2;454.5;171.8;EUR;8052402;FRATTINI GOMME;CESANO BOSCONE
PIRELLI;201803;PIRELLI;Car; ;WINTER; ;0;175;65;14;82;T; ; ;CINTURATO WINTER;7009; ; ;8019227269970;2699700; ; ; ; ;2;110.5;40.15;EUR;8001487;MOSCONI GOMME E SERVICE S.A.S;GREZZANA
PIRELLI;201803;PIRELLI;Car; ;WINTER; ;0;175;65;15;84;T; ; ;CINTURATO WINTER;7708; ; ;8019227268676;2686700; ; ; ; ;4;121;46.57;EUR;8019631;FURLANGOMME SRL;UDINE
PIRELLI;201803;PIRELLI;Car; ;WINTER; ;0;185;65;15;92;T; ; ;CINTURATO WINTER;8176; ; ;8019227268720;2687200; ; ; ; ;1;135.5;53.21;EUR;8005361;SPRINT GOMME SNC;SOAVE
PIRELLI;201803;PIRELLI;Car; ;WINTER; ;0;205;50;17;93;V; ; ;WINTER 240 SOTTOZERO SERIE II;9375; ; ;8019227181319;1813100; ; ; ; ;-2;247.5;87.89;EUR;8005347;GUGLIELMO VITTORIO SRL;ROVIGO
PIRELLI;201803;PIRELLI;Car; ;WINTER; ;0;205;55;16;91;H; ; ;WINTER 210 SOTTOZERO SERIE II;8933; ; ;8019227181326;1813200; ; ; ; ;4;163;57.17;EUR;8043214;BREMBATI GOMME SRL;MILANO
PIRELLI;201803;PIRELLI;Car; ;WINTER; ;0;205;55;16;94;H; ; ;CINTURATO WINTER;9127; ; ;8019227268850;2688500; ; ; ; ;2;197;77.37;EUR;8040786;FERRARI GOMME SNC;ROZZANO FRAZ.QUINTO DE'STAMPI
PIRELLI;201803;PIRELLI;Car; ;WINTER; ;0;205;55;17;95;H; ; ;WINTER SOTTOZERO 3;9936;J; ;8019227256390;2563900; ; ; ; ;2;313;122.92;EUR;8040786;FERRARI GOMME SNC;ROZZANO FRAZ.QUINTO DE'STAMPI
PIRELLI;201803;PIRELLI;Car; ;WINTER; ;0;205;60;16;92;H; ; ;WINTER SOTTOZERO 3;8671;MO; ;8019227271973;2719700; ; ; ; ;2;183;72.72;EUR;8015314;GIACOBAZZI GOMME DI ALBERTO G.;MONTEGROTTO TERME
PIRELLI;201803;PIRELLI;Car; ;WINTER; ;0;205;60;16;96;H; ; ;WINTER SOTTOZERO 3;9856; ; ;8019227265316;2653100; ; ; ; ;4;196;69.56;EUR;8052402;FRATTINI GOMME;CESANO BOSCONE
PIRELLI;201803;PIRELLI;Car; ;WINTER; ;0;215;50;17;95;V; ; ;WINTER 240 SOTTOZERO SERIE II;9500; ; ;8019227198102;1981000; ; ; ; ;2;261.5;92.1;EUR;8040786;FERRARI GOMME SNC;ROZZANO FRAZ.QUINTO DE'STAMPI
PIRELLI;201803;PIRELLI;Car; ;WINTER; ;0;215;55;17;98;V; ; ;WINTER SOTTOZERO 3;10603; ; ;8019227235074;2350700; ; ; ; ;4;288.5;114.51;EUR;8052402;FRATTINI GOMME;CESANO BOSCONE
PIRELLI;201803;PIRELLI;Car; ;WINTER; ;0;215;60;17;96;T; ; ;CINTURATO WINTER;9856; ; ;8019227278293;2782900; ; ; ; ;1;268.5;99.8;EUR;8052402;FRATTINI GOMME;CESANO BOSCONE
PIRELLI;201803;PIRELLI;Car; ;WINTER; ;0;225;40;18;92;V; ; ;WINTER SOTTOZERO 3;9298; ; ;8019227235104;2351000; ; ; ; ;1;275.5;99.69;EUR;8052402;FRATTINI GOMME;CESANO BOSCONE
PIRELLI;201803;PIRELLI;Car; ;WINTER; ;0;225;45;17;91;H; ; ;WINTER SOTTOZERO 3;9430; ; ;8019227220193;2201900; ; ; ; ;2;238.5;94.66;EUR;8043214;BREMBATI GOMME SRL;MILANO
PIRELLI;201803;PIRELLI;Car; ;WINTER; ;0;225;45;17;94;V; ; ;WINTER 240 SOTTOZERO SERIE II;9896; ; ;8019227182750;1827500; ; ; ; ;9;249.5;87.41;EUR;8052402;FRATTINI GOMME;CESANO BOSCONE
PIRELLI;201803;PIRELLI;Car; ;WINTER; ;0;225;45;17;94;V; ; ;WINTER SOTTOZERO 3;9431; ; ;8019227220209;2202000; ; ; ; ;2;263;104.39;EUR;8052402;FRATTINI GOMME;CESANO BOSCONE
PIRELLI;201803;PIRELLI;Car; ;WINTER; ;0;225;45;17;94;V; ; ;WINTER SOTTOZERO 3;9431; ; ;8019227220209;2202000; ; ; ; ;-1;255;107.74;EUR;8001432;PIVA GOMME SCHIO S.R.L.;SCHIO
PIRELLI;201803;PIRELLI;Car; ;WINTER; ;0;225;45;19;96;V; ; ;WINTER SOTTOZERO 3;10810; ; ;8019227251692;2516900; ; ; ; ;1;459;173.5;EUR;8005783;LUSI GOMMA S.R.L.;BUONCONVENTO
PIRELLI;201803;PIRELLI;Car; ;WINTER; ;0;225;55;17;101;V; ; ;WINTER SOTTOZERO 3;11143; ; ;8019227235159;2351500; ; ; ; ;4;296;110.02;EUR;8052402;FRATTINI GOMME;CESANO BOSCONE
PIRELLI;201803;PIRELLI;Car; ;WINTER; ;0;275;35;19;100;W; ; ;WINTER 270 SOTTOZERO SERIE II;12339;MO; ;8019227281507;2815000; ; ; ; ;2;673;254.4;EUR;8052402;FRATTINI GOMME;CESANO BOSCONE
PIRELLI;201803;PIRELLI;Car; ;WINTER; ;0;145;;13;74;Q; ; ;WINTER 160;6299; ; ;8019227099744;997400; ; ; ; ;5;115.5;45.84;EUR;8001487;MOSCONI GOMME E SERVICE S.A.S;GREZZANA
PIRELLI;201803;PIRELLI;SUV; ;ALL SEASONS; ;0;175;70;14;88;H; ; ;SCORPION ATR;7970; ; ;8019227269192;2691900; ; ; ; ;4;114;60.02;EUR;8001762;DRAGO LORENZO GOMME & C.SNC;TAGLIO DI PO
PIRELLI;201803;PIRELLI;SUV; ;ALL SEASONS; ;0;215;60;17;96;V; ; ;SCORPION VERDE ALL SEASON;11016; ; ;8019227262575;2625700; ; ; ; ;4;171;79.61;EUR;8040786;FERRARI GOMME SNC;ROZZANO FRAZ.QUINTO DE'STAMPI
PIRELLI;201803;PIRELLI;SUV; ;ALL SEASONS; ;0;215;60;17;96;V; ; ;SCORPION VERDE ALL SEASON;11016; ; ;8019227262575;2625700; ; ; ; ;4;171;80.44;EUR;8005783;LUSI GOMMA S.R.L.;BUONCONVENTO
PIRELLI;201803;PIRELLI;SUV; ;ALL SEASONS; ;0;215;60;17;96;V; ; ;SCORPION VERDE ALL SEASON;11016; ; ;8019227262575;2625700; ; ; ; ;6;171;80.44;EUR;8052402;FRATTINI GOMME;CESANO BOSCONE
PIRELLI;201803;PIRELLI;SUV; ;ALL SEASONS; ;0;215;60;17;96;V; ; ;SCORPION VERDE ALL SEASON;11016; ; ;8019227262575;2625700; ; ; ; ;4;171;80.44;EUR;8001487;MOSCONI GOMME E SERVICE S.A.S;GREZZANA
PIRELLI;201803;PIRELLI;SUV; ;ALL SEASONS; ;0;215;65;16;98;V; ; ;SCORPION VERDE ALL SEASON;10529; ; ;8019227195354;1953500; ; ; ; ;4;142.5;68.25;EUR;8043214;BREMBATI GOMME SRL;MILANO
PIRELLI;201803;PIRELLI;SUV; ;ALL SEASONS; ;0;215;65;16;98;V; ; ;SCORPION VERDE ALL SEASON;10529; ; ;8019227195354;1953500; ; ; ; ;4;142.5;67.55;EUR;8040786;FERRARI GOMME SNC;ROZZANO FRAZ.QUINTO DE'STAMPI
PIRELLI;201803;PIRELLI;SUV; ;ALL SEASONS; ;0;215;65;16;98;V; ; ;SCORPION VERDE ALL SEASON;10529; ; ;8019227195354;1953500; ; ; ; ;4;142.5;68.25;EUR;8052402;FRATTINI GOMME;CESANO BOSCONE
PIRELLI;201803;PIRELLI;SUV; ;ALL SEASONS; ;0;215;65;16;102;V; ; ;CINTURATO ALL SEASON PLUS;10782; ; ;8019227309089;3090800; ; ; ; ;2;151.5;81.81;EUR;8001432;PIVA GOMME SCHIO S.R.L.;SCHIO
PIRELLI;201803;PIRELLI;SUV; ;ALL SEASONS; ;0;235;55;17;99;V; ; ;SCORPION VERDE ALL SEASON;12091; ; ;8019227195361;1953600; ; ; ; ;4;175.5;86.37;EUR;8040786;FERRARI GOMME SNC;ROZZANO FRAZ.QUINTO DE'STAMPI
PIRELLI;201803;PIRELLI;SUV; ;ALL SEASONS; ;0;235;55;17;99;V; ; ;SCORPION VERDE ALL SEASON;12091; ; ;8019227195361;1953600; ; ; ; ;2;175.5;89.83;EUR;8001487;MOSCONI GOMME E SERVICE S.A.S;GREZZANA
PIRELLI;201803;PIRELLI;SUV; ;ALL SEASONS; ;0;235;65;17;108;V; ; ;SCORPION VERDE ALL SEASON;14346; ; ;8019227236927;2369200; ; ; ; ;2;169;80.44;EUR;8005783;LUSI GOMMA S.R.L.;BUONCONVENTO
PIRELLI;201803;PIRELLI;SUV; ;ALL SEASONS; ;0;275;45;20;110;V; ; ;SCORPION VERDE ALL SEASON;15488;VOL; ;8019227276510;2765100; ; ; ; ;4;310.5;157.31;EUR;8005347;GUGLIELMO VITTORIO SRL;ROVIGO
PIRELLI;201803;PIRELLI;SUV; ;ALL SEASONS; ;0;225;65;17;102;H; ; ;SCORPION VERDE ALL SEASON;12810; ; ;8019227259513;2595100; ; ; ; ;8;169.5;83.42;EUR;8040786;FERRARI GOMME SNC;ROZZANO FRAZ.QUINTO DE'STAMPI
PIRELLI;201803;PIRELLI;SUV; ;ALL SEASONS; ;0;225;65;17;102;H; ; ;SCORPION VERDE ALL SEASON;12810; ; ;8019227259513;2595100; ; ; ; ;4;169.5;85.11;EUR;8005783;LUSI GOMMA S.R.L.;BUONCONVENTO
PIRELLI;201803;PIRELLI;SUV; ;ALL SEASONS; ;0;235;55;18;104;V; ; ;SCORPION VERDE ALL SEASON;13638; ; ;8019227207996;2079900; ; ; ; ;4;200;101.33;EUR;8005347;GUGLIELMO VITTORIO SRL;ROVIGO
PIRELLI;201803;PIRELLI;SUV; ;ALL SEASONS; ;0;235;55;19;105;V; ; ;SCORPION VERDE ALL SEASON;13826;LR; ;8019227195989;1959800; ; ; ; ;4;233;105.67;EUR;8040786;FERRARI GOMME SNC;ROZZANO FRAZ.QUINTO DE'STAMPI
PIRELLI;201803;PIRELLI;SUV; ;ALL SEASONS; ;0;235;60;18;107;V; ; ;SCORPION VERDE ALL SEASON;13982;LR; ;8019227205602;2056000; ; ; ; ;4;212;107.41;EUR;8005347;GUGLIELMO VITTORIO SRL;ROVIGO
PIRELLI;201803;PIRELLI;SUV; ;SUMMER; ;1;255;45;20;101;W; ; ;SCORPION VERDE;15567;MOE; ;8019227278934;2789300; ; ; ; ;4;441;236.19;EUR;8052508;VILLANI SNC;CASINALBO
PIRELLI;201803;PIRELLI;SUV; ;SUMMER; ;1;275;40;20;106;W; ; ;P-ZERO;17383;*; ;8019227261806;2618000; ; ; ; ;4;406.5;208.08;EUR;8001762;DRAGO LORENZO GOMME & C.SNC;TAGLIO DI PO
PIRELLI;201803;PIRELLI;SUV; ;SUMMER; ;1;315;35;20;110;W; ; ;P-ZERO;18815;*; ;8019227264524;2645200; ; ; ; ;4;572.5;293.05;EUR;8001762;DRAGO LORENZO GOMME & C.SNC;TAGLIO DI PO
PIRELLI;201803;PIRELLI;SUV; ;SUMMER; ;0;225;45;19;96;W; ; ;SCORPION VERDE;11511; ; ;8019227242874;2428700; ; ; ; ;4;262;128.94;EUR;8040786;FERRARI GOMME SNC;ROZZANO FRAZ.QUINTO DE'STAMPI
PIRELLI;201803;PIRELLI;SUV; ;SUMMER; ;0;225;60;18;100;H; ; ;SCORPION VERDE;12590; ; ;8019227237306;2373000; ; ; ; ;4;198.5;99.67;EUR;8043214;BREMBATI GOMME SRL;MILANO
PIRELLI;201803;PIRELLI;SUV; ;SUMMER; ;0;225;65;17;102;H; ; ;SCORPION VERDE;12782; ; ;8019227213089;2130800; ; ; ; ;2;172.5;81.41;EUR;8001487;MOSCONI GOMME E SERVICE S.A.S;GREZZANA
PIRELLI;201803;PIRELLI;SUV; ;SUMMER; ;0;225;65;17;102;H; ; ;SCORPION VERDE;12782; ; ;8019227213089;2130800; ; ; ; ;4;172.5;81.41;EUR;8004940;COMMERCIALE  PNEUMATICI  SRL;PRADAMANO
PIRELLI;201803;PIRELLI;SUV; ;SUMMER; ;0;235;50;18;97;V; ; ;SCORPION VERDE;11604;AO; ;8019227190137;1901300; ; ; ; ;4;217;101.4;EUR;8001487;MOSCONI GOMME E SERVICE S.A.S;GREZZANA
PIRELLI;201803;PIRELLI;SUV; ;SUMMER; ;0;235;50;18;97;V; ; ;SCORPION VERDE;11604;AO; ;8019227190137;1901300; ; ; ; ;4;217;100.36;EUR;8005347;GUGLIELMO VITTORIO SRL;ROVIGO
PIRELLI;201803;PIRELLI;SUV; ;SUMMER; ;0;235;60;18;103;V; ; ;SCORPION VERDE;13742; ; ;8019227191639;1916300; ; ; ; ;4;193.5;95.23;EUR;8040786;FERRARI GOMME SNC;ROZZANO FRAZ.QUINTO DE'STAMPI
PIRELLI;201803;PIRELLI;SUV; ;SUMMER; ;0;255;45;20;101;W; ; ;SCORPION VERDE;14505;AO; ;8019227263824;2638200; ; ; ; ;4;379;190.31;EUR;8043214;BREMBATI GOMME SRL;MILANO
PIRELLI;201803;PIRELLI;SUV; ;SUMMER; ;0;255;55;19;111;W; ; ;PZERO;15139;JLR; ;8019227252880;2528800; ; ; ; ;4;234.5;115.41;EUR;8040786;FERRARI GOMME SNC;ROZZANO FRAZ.QUINTO DE'STAMPI
PIRELLI;201803;PIRELLI;SUV; ;WINTER; ;0;235;55;18;104;H; ; ;SCORPION WINTER;12918; ; ;8019227227321;2273200; ; ; ; ;4;335.5;121.45;EUR;8043214;BREMBATI GOMME SRL;MILANO
PIRELLI;201803;PIRELLI;SUV; ;WINTER; ;0;235;60;18;107;H; ; ;SCORPION WINTER;13723; ; ;8019227227307;2273000; ; ; ; ;4;302.5;109.51;EUR;8043214;BREMBATI GOMME SRL;MILANO
PIRELLI;201803;PIRELLI;SUV; ;WINTER; ;0;235;65;17;104;H; ; ;SCORPION WINTER;14257;MO; ;8019227263176;2631700; ; ; ; ;4;297;117.88;EUR;8043214;BREMBATI GOMME SRL;MILANO
PIRELLI;201803;PIRELLI;SUV; ;WINTER; ;0;255;50;19;107;V; ; ;SCORPION WINTER;14883; ; ;8019227227406;2274000; ; ; ; ;-4;373;133.53;EUR;8005347;GUGLIELMO VITTORIO SRL;ROVIGO
PIRELLI;201803;PIRELLI;SUV; ;WINTER; ;0;255;55;19;111;V; ; ;SCORPION WINTER;16070;J; ;8019227252330;2523300; ; ; ; ;8;495.5;179.37;EUR;8043214;BREMBATI GOMME SRL;MILANO
PIRELLI;201803;PIRELLI;SUV; ;WINTER; ;0;255;60;18;112;H; ; ;SCORPION WINTER;16003;MO-V; ;8019227280883;2808800; ; ; ; ;2;354.5;137.55;EUR;8001432;PIVA GOMME SCHIO S.R.L.;SCHIO
PIRELLI;201803;PIRELLI;light truck; ;ALL SEASONS; ;0;195;75;16;110/108;R; ; ;CARRIER ALL SEASON;13423; ; ;8019227285307;2853000; ; ; ; ;4;142.5;76.95;EUR;8001432;PIVA GOMME SCHIO S.R.L.;SCHIO
PIRELLI;201803;PIRELLI;light truck; ;ALL SEASONS; ;0;205;65;16;107/105;T; ; ;CARRIER ALL SEASON;13083; ; ;8019227279634;2796300; ; ; ; ;2;179.5;96.93;EUR;8001432;PIVA GOMME SCHIO S.R.L.;SCHIO
PIRELLI;201803;PIRELLI;light truck; ;ALL SEASONS; ;0;215;65;16;109/107;T; ; ;CARRIER ALL SEASON;14603; ; ;8019227256604;2566000; ; ; ; ;2;187;100.98;EUR;8001432;PIVA GOMME SCHIO S.R.L.;SCHIO
PIRELLI;201803;PIRELLI;light truck; ;ALL SEASONS; ;0;225;70;15;112/110;S; ; ;CARRIER ALL SEASON;15355; ; ;8019227279641;2796400; ; ; ; ;4;171;89.11;EUR;8005347;GUGLIELMO VITTORIO SRL;ROVIGO
PIRELLI;201803;PIRELLI;light truck; ;SUMMER; ;0;175;70;14;95/93;T; ; ;CARRIER;8678; ; ;8019227216301;2163000; ; ; ; ;2;119;62.66;EUR;8001304;SOLIGO S.N.C. DI SOLIGO R.L. & C.;QUINTO DI TREVISO
PIRELLI;201803;PIRELLI;light truck; ;SUMMER; ;0;175;70;14;95/93;T; ; ;CARRIER;8678; ; ;8019227216301;2163000; ; ; ; ;4;119;62.01;EUR;8005361;SPRINT GOMME SNC;SOAVE
PIRELLI;201803;PIRELLI;light truck; ;SUMMER; ;0;185;75;16;104/102;R; ; ;CARRIER;12783; ; ;8019227216349;2163400; ; ; ; ;4;147;77.4;EUR;8004940;COMMERCIALE  PNEUMATICI  SRL;PRADAMANO
PIRELLI;201803;PIRELLI;light truck; ;SUMMER; ;0;195;60;16;99/97;H; ; ;CARRIER;9567; ; ;8019227243772;2437700; ; ; ; ;4;148.5;78.19;EUR;8001762;DRAGO LORENZO GOMME & C.SNC;TAGLIO DI PO
PIRELLI;201803;PIRELLI;light truck; ;SUMMER; ;0;195;75;16;107/105;T; ; ;CARRIER;13500; ; ;8019227249675;2496700; ; ; ; ;2;136.5;71.87;EUR;8017820;COGO DAMIANO;MONTECCHIO MAGGIORE
PIRELLI;201803;PIRELLI;light truck; ;SUMMER; ;0;195;75;16;107/105;T; ; ;CARRIER;13500; ; ;8019227249675;2496700; ; ; ; ;2;136.5;71.87;EUR;8001487;MOSCONI GOMME E SERVICE S.A.S;GREZZANA
PIRELLI;201803;PIRELLI;light truck; ;SUMMER; ;0;205;70;15;106/104;R; ; ;CARRIER;13168; ; ;8019227216448;2164400; ; ; ; ;2;138;74.52;EUR;8001432;PIVA GOMME SCHIO S.R.L.;SCHIO
PIRELLI;201803;PIRELLI;light truck; ;SUMMER; ;0;205;70;15;106/104;R; ; ;CARRIER;13168; ; ;8019227216448;2164400; ; ; ; ;12;138;72.66;EUR;8017820;COGO DAMIANO;MONTECCHIO MAGGIORE
PIRELLI;201803;PIRELLI;light truck; ;SUMMER; ;0;205;75;16;110/108;R; ; ;CARRIER;14516; ; ;8019227216455;2164500; ; ; ; ;2;163;85.82;EUR;8004940;COMMERCIALE  PNEUMATICI  SRL;PRADAMANO
PIRELLI;201803;PIRELLI;light truck; ;SUMMER; ;0;215;60;16;103/101;T; ; ;CARRIER;12506; ; ;8019227216462;2164600; ; ; ; ;4;181;95.3;EUR;8017820;COGO DAMIANO;MONTECCHIO MAGGIORE
PIRELLI;201803;PIRELLI;light truck; ;SUMMER; ;0;215;70;15;109;R; ; ;CARRIER CAMPER;13895; ; ;8019227250282;2502800; ; ; ; ;2;177;92.24;EUR;8005347;GUGLIELMO VITTORIO SRL;ROVIGO
PIRELLI;201803;PIRELLI;light truck; ;SUMMER; ;0;225;65;16;112/110;R; ; ;CARRIER;14666; ; ;8019227216509;2165000; ; ; ; ;4;191.5;98.96;EUR;8005783;LUSI GOMMA S.R.L.;BUONCONVENTO
PIRELLI;201803;PIRELLI;light truck; ;SUMMER; ;0;225;70;15;112/110;S; ; ;CARRIER;14907; ; ;8019227216516;2165100; ; ; ; ;2;160;84.24;EUR;8017820;COGO DAMIANO;MONTECCHIO MAGGIORE
PIRELLI;201803;PIRELLI;light truck; ;SUMMER; ;0;235;60;17;117/115;R; ; ;CARRIER;16520; ; ;8019227216547;2165400; ; ; ; ;1;227;113.98;EUR;8005783;LUSI GOMMA S.R.L.;BUONCONVENTO
PIRELLI;201803;PIRELLI;light truck; ;WINTER; ;0;225;65;16;112/110;R; ; ;CARRIER WINTER;14187; ; ;8019227243048;2430400; ; ; ; ;12;259.5;105.45;EUR;8004940;COMMERCIALE  PNEUMATICI  SRL;PRADAMANO
PIRELLI;201803;PIRELLI;light truck; ;WINTER; ;0;225;70;15;112/110;R; ; ;CARRIER WINTER;14548; ; ;8019227249699;2496900; ; ; ; ;9;224.5;89.1;EUR;8001333;PIERIS GOMME S.R.L.;SAN CANZIAN D'ISONZO
PIRELLI;201803;PIRELLI;Moto   ; ; ; ;0;100;80;16;50;T; ; ;MT75 FRONT;3320; ; ;8019227031744;317400; ; ; ; ;1;54;20.11;EUR;8040786;FERRARI GOMME SNC;ROZZANO FRAZ.QUINTO DE'STAMPI
PIRELLI;201803;PIRELLI;Moto   ; ; ; ;0;120;80;16;60;T; ; ;MT 75;5021; ; ;8019227031751;317500; ; ; ; ;1;69;25.7;EUR;8040786;FERRARI GOMME SNC;ROZZANO FRAZ.QUINTO DE'STAMPI
PIRELLI;201803;PIRELLI;Moto; ; ; ;0;180;55;17;73;W; ; ;ANGEL GT;6346; ; ;8019227231762;2317600; ; ; ; ;1;240;108.19;EUR;8019631;FURLANGOMME SRL;UDINE
PIRELLI;201803;PIRELLI;Moto; ; ; ;0;190;50;17;73;W; ; ;ANGEL GT;7028; ; ;8019227232134;2321300; ; ; ; ;1;263;123.61;EUR;8018852;GOMMOLO SRL;ALBANO LAZIALE
PIRELLI;201803;PIRELLI;Moto; ; ; ;0;120;70;17;58;W; ; ;ANGEL GT FRONT;4436; ; ;8019227238761;2387600; ; ; ; ;2;183;82.5;EUR;8019631;FURLANGOMME SRL;UDINE
PIRELLI;201803;PIRELLI;Moto; ; ; ;0;120;70;17;58;W; ; ;ANGEL GT FRONT;4395; ; ;8019227249729;2497200; ; ; ; ;1;190;89.3;EUR;8018852;GOMMOLO SRL;ALBANO LAZIALE
PIRELLI;201803;PIRELLI;Moto     ; ; ; ;0;130;70;13;63;P; ; ;ANGEL SCOOTER;4189; ; ;8019227277128;2771200; ; ; ; ;1;75;27.47;EUR;8005347;GUGLIELMO VITTORIO SRL;ROVIGO
PIRELLI;201803;PIRELLI;Moto     ; ; ; ;0;130;70;12;62;P; ; ;ANGEL SCOOTER;3904; ; ;8019227277104;2771000; ; ; ; ;1;69;25.27;EUR;8005347;GUGLIELMO VITTORIO SRL;ROVIGO
PIRELLI;201803;PIRELLI;Moto     ; ; ; ;0;120;80;14;58;S; ; ;DIABLO ROSSO SCOOTER FRONT;4366; ; ;8019227276879;2768700; ; ; ; ;1;87;31.87;EUR;8005347;GUGLIELMO VITTORIO SRL;ROVIGO
PIRELLI;201803;PIRELLI;Moto     ; ; ; ;0;110;90;12;64;P; ; ;ANGEL SCOOTER FRONT;3666; ; ;8019227276961;2769600; ; ; ; ;1;73;27.74;EUR;8018852;GOMMOLO SRL;ALBANO LAZIALE
PIRELLI;201803;PIRELLI;Moto  ; ; ; ;0;120;70;17;;; ; ;DIABLO SUPERBIKE;4298; ; ;8019227233292;2332900; ; ; ; ;1;270;119.07;EUR;8019631;FURLANGOMME SRL;UDINE
PIRELLI;201803;PIRELLI;Moto  ; ; ; ;0;200;60;17;;; ; ;DIABLO SUPERBIKE;6587; ; ;8019227233339;2333300; ; ; ; ;1;406;179.05;EUR;8019631;FURLANGOMME SRL;UDINE
PIRELLI;201803;PIRELLI;Moto  ; ; ; ;0;200;60;17;;; ; ;DIABLO SUPERBIKE;6546; ; ;8019227233322;2333200; ; ; ; ;1;406;179.05;EUR;8019631;FURLANGOMME SRL;UDINE
PIRELLI;201803;PIRELLI;Moto ; ; ; ;0;130;70;17;62;H; ; ;DIABLO ROSSO II;5199; ; ;8019227240931;2409300; ; ; ; ;1;127;58.5;EUR;8004940;COMMERCIALE  PNEUMATICI  SRL;PRADAMANO
PIRELLI;201803;PIRELLI;Moto ; ; ; ;0;100;80;17;52;H; ; ;DIABLO ROSSO II FRONT;3636; ; ;8019227240924;2409200; ; ; ; ;1;121;55.73;EUR;8004940;COMMERCIALE  PNEUMATICI  SRL;PRADAMANO
PIRELLI;201803;PIRELLI;Moto ; ; ; ;0;180;60;17;75;W; ; ;DIABLO ROSSO III;6200; ; ;8019227263565;2635600; ; ; ; ;1;249;112.25;EUR;8019631;FURLANGOMME SRL;UDINE
PIRELLI;201803;PIRELLI;Moto ; ; ; ;0;190;50;17;73;W; ; ;DIABLO ROSSO II;6183; ; ;8019227206869;2068600; ; ; ; ;1;206;94.88;EUR;8004940;COMMERCIALE  PNEUMATICI  SRL;PRADAMANO
PIRELLI;201803;PIRELLI;Moto ; ; ; ;0;190;55;17;75;W; ; ;DIABLO ROSSO III;6400; ; ;8019227263589;2635800; ; ; ; ;1;261;117.66;EUR;8019631;FURLANGOMME SRL;UDINE
PIRELLI;201803;PIRELLI;Moto ; ; ; ;0;120;60;17;55;W; ; ;DIABLO ROSSO II FRONT;4128; ; ;8019227207002;2070000; ; ; ; ;1;136;63.28;EUR;8001487;MOSCONI GOMME E SERVICE S.A.S;GREZZANA
PIRELLI;201803;PIRELLI;Moto ; ; ; ;0;120;70;17;58;W; ; ;DIABLO ROSSO II FRONT;4377; ; ;8019227214888;2148800; ; ; ; ;1;149;68.63;EUR;8004940;COMMERCIALE  PNEUMATICI  SRL;PRADAMANO
PIRELLI;201803;PIRELLI;Moto ; ; ; ;0;120;70;17;58;W; ; ;DIABLO ROSSO III FRONT;4162; ; ;8019227263527;2635200; ; ; ; ;2;182;82.05;EUR;8019631;FURLANGOMME SRL;UDINE
PIRELLI;201803;PIRELLI;Moto    ; ; ; ;0;120;70;17;58;W; ; ;DIABLO ROSSO CORSA II FRONT;4381; ; ;8019227290691;2906900; ; ; ; ;1;198;93.06;EUR;8004940;COMMERCIALE  PNEUMATICI  SRL;PRADAMANO
PIRELLI;201803;PIRELLI;Moto       ; ; ; ;0;180;55;17;73;H; ; ;MT60 RS;6479; ; ;8019227250411;2504100; ; ; ; ;1;226;58.71;EUR;8005783;LUSI GOMMA S.R.L.;BUONCONVENTO
PIRELLI;201803;PIRELLI;Moto       ; ; ; ;0;120;70;19;60;V; ; ;SCORPION TRAIL II FRONT;5087; ; ;8019227280289;2802800; ; ; ; ;1;159;71.68;EUR;8019631;FURLANGOMME SRL;UDINE
PIRELLI;201803;PIRELLI;Moto       ; ; ; ;0;120;70;19;60;W; ; ;SCORPION TRAIL II FRONT;4948; ; ;8019227280302;2803000; ; ; ; ;1;163;76.61;EUR;8018852;GOMMOLO SRL;ALBANO LAZIALE
PIRELLI;201803;PIRELLI;Moto       ; ; ; ;0;110;80;19;59;V; ; ;SCORPION TRAIL II FRONT;5111; ; ;8019227252651;2526500; ; ; ; ;1;160;75.2;EUR;8004940;COMMERCIALE  PNEUMATICI  SRL;PRADAMANO
PIRELLI;201803;PIRELLI;Moto       ; ; ; ;0;170;60;17;72;V; ; ;SCORPION TRAIL II;7075; ; ;8019227280296;2802900; ; ; ; ;1;203;91.51;EUR;8019631;FURLANGOMME SRL;UDINE
PIRELLI;201803;PIRELLI;Moto       ; ; ; ;0;170;60;17;72;V; ; ;SCORPION TRAIL II;7075; ; ;8019227280296;2802900; ; ; ; ;1;203;93.5;EUR;8017183;LK KOMJANC LUIGI SRL;GORIZIA
PIRELLI;201803;PIRELLI;Moto       ; ; ; ;0;170;60;17;72;V; ; ;SCORPION TRAIL II;7075; ; ;8019227280296;2802900; ; ; ; ;1;203;95.41;EUR;8004940;COMMERCIALE  PNEUMATICI  SRL;PRADAMANO
PIRELLI;201803;PIRELLI;Moto       ; ; ; ;0;170;60;17;72;W; ; ;SCORPION TRAIL II;7948; ; ;8019227280319;2803100; ; ; ; ;1;210;98.7;EUR;8018852;GOMMOLO SRL;ALBANO LAZIALE
PIRELLI;201803;PIRELLI;Moto                                     ; ; ; ;0;160;60;15;67;H; ; ;DIABLO ROSSO SCOOTER;6123; ; ;8019227276947;2769400; ; ; ; ;1;178;66.29;EUR;8040786;FERRARI GOMME SNC;ROZZANO FRAZ.QUINTO DE'STAMPI
PIRELLI;201803;PIRELLI;Moto                                     ; ; ; ;0;160;60;15;67;H; ; ;DIABLO ROSSO SCOOTER;6123; ; ;8019227276947;2769400; ; ; ; ;2;178;65.2;EUR;8005347;GUGLIELMO VITTORIO SRL;ROVIGO
PIRELLI;201803;PIRELLI;Moto                                     ; ; ; ;0;120;70;14;55;H; ; ;DIABLO ROSSO SCOOTER FRONT;3952; ; ;8019227276862;2768600; ; ; ; ;2;144;52.75;EUR;8005347;GUGLIELMO VITTORIO SRL;ROVIGO
PIRELLI;201803;PIRELLI;Moto                                     ; ; ; ;0;120;70;15;56;H; ; ;DIABLO ROSSO SCOOTER FRONT;4131; ; ;8019227276893;2768900; ; ; ; ;1;147;54.74;EUR;8040786;FERRARI GOMME SNC;ROZZANO FRAZ.QUINTO DE'STAMPI
PIRELLI;201803;PIRELLI;Moto                       ; ; ; ;0;140;80;18;70;S; ; ;MT 90 A/T SCORPION;6745; ; ;8019227101713;1017100; ; ; ; ;1;175;78.89;EUR;8019631;FURLANGOMME SRL;UDINE
PIRELLI;201803;PIRELLI;Moto                       ; ; ; ;0;90;90;21;54;S; ; ;MT90 A/T SCORPION FRONT;3830; ; ;8019227100525;1005200; ; ; ; ;1;119;53.65;EUR;8019631;FURLANGOMME SRL;UDINE
PIRELLI;201803;PIRELLI;Moto                                                                                   ; ; ; ;0;130;90;16;73;H; ; ;ROUTE MT66;6419; ; ;8019227080049;800400; ; ; ; ;1;218;100.41;EUR;8040786;FERRARI GOMME SNC;ROZZANO FRAZ.QUINTO DE'STAMPI
PIRELLI;201803;PIRELLI;Moto                                                                                   ; ; ; ;0;100;90;18;56;H; ; ;ROUTE MT66 FRONT;4452; ; ;8019227100396;1003900; ; ; ; ;1;169;77.84;EUR;8040786;FERRARI GOMME SNC;ROZZANO FRAZ.QUINTO DE'STAMPI
PIRELLI;201803;METZELER;Moto   ; ; ; ;0;3.50;;19;57;H; ; ;LASERTEC FRONT;5075; ; ;8019227153156;1531500; ; ; ; ;1;157;70.78;EUR;8019631;FURLANGOMME SRL;UDINE
PIRELLI;201803;METZELER;Moto                                                                                         ; ; ; ;0;4.00;;18;64;H; ; ;PERFECT ME 77;5879; ; ;8019227013184;131800; ; ; ; ;1;143;64.46;EUR;8019631;FURLANGOMME SRL;UDINE
PIRELLI;201803;METZELER;Moto; ; ; ;0;160;60;17;69;W; ; ;ROADTEC 01;5637; ; ;8019227267020;2670200; ; ; ; ;1;234;109.98;EUR;8018852;GOMMOLO SRL;ALBANO LAZIALE
PIRELLI;201803;METZELER;Moto; ; ; ;0;180;55;17;73;W; ; ;ROADTEC Z6;6454; ; ;8019227144864;1448600; ; ; ; ;1;156;71.85;EUR;8017183;LK KOMJANC LUIGI SRL;GORIZIA
PIRELLI;201803;METZELER;Moto; ; ; ;0;120;70;17;58;W; ; ;ROADTEC 01 FRONT;4368; ; ;8019227266986;2669800; ; ; ; ;1;187;87.89;EUR;8018852;GOMMOLO SRL;ALBANO LAZIALE
PIRELLI;201803;METZELER;Moto; ; ; ;0;120;70;17;58;W; ; ;ROADTEC Z6 FRONT;4330; ; ;8019227144819;1448100; ; ; ; ;1;118;54.35;EUR;8017183;LK KOMJANC LUIGI SRL;GORIZIA
PIRELLI;201803;METZELER;Moto ; ; ; ;0;180;55;17;73;W; ; ;SPORTEC M7 RR;6231; ; ;8019227245035;2450300; ; ; ; ;1;240;110.54;EUR;8004940;COMMERCIALE  PNEUMATICI  SRL;PRADAMANO
PIRELLI;201803;METZELER;Moto ; ; ; ;0;120;70;17;58;W; ; ;SPORTEC M7 RR FRONT;4162; ; ;8019227252088;2520800; ; ; ; ;1;182;83.83;EUR;8004940;COMMERCIALE  PNEUMATICI  SRL;PRADAMANO
PIRELLI;201803;METZELER;Moto          ; ; ; ;0;180;60;17;75;W; ; ;RACETEC RR;6445; ; ;8019227254877;2548700; ; ; ; ;1;358;157.88;EUR;8001333;PIERIS GOMME S.R.L.;SAN CANZIAN D'ISONZO
PIRELLI;201803;METZELER;Moto          ; ; ; ;0;120;70;17;58;W; ; ;RACETEC RR FRONT;4251; ; ;8019227254839;2548300; ; ; ; ;1;278;122.6;EUR;8001333;PIERIS GOMME S.R.L.;SAN CANZIAN D'ISONZO
PIRELLI;201803;METZELER;Moto       ; ; ; ;0;130;80;17;65;S; ; ;TOURANCE;6088; ; ;8019227120943;1209400; ; ; ; ;1;129;58.15;EUR;8019631;FURLANGOMME SRL;UDINE
PIRELLI;201803;METZELER;Moto       ; ; ; ;0;150;70;17;69;V; ; ;TOURANCE;6965; ; ;8019227112795;1127900; ; ; ; ;1;177;81.53;EUR;8040786;FERRARI GOMME SNC;ROZZANO FRAZ.QUINTO DE'STAMPI
PIRELLI;201803;METZELER;Moto       ; ; ; ;0;100;90;19;57;S; ; ;TOURANCE;4166; ; ;8019227101232;1012300; ; ; ; ;1;115;51.84;EUR;8019631;FURLANGOMME SRL;UDINE
PIRELLI;201803;METZELER;Moto                       ; ; ; ;0;110;80;19;59;V; ; ;KAROO STREET FRONT;5189; ; ;8019227314250;3142500; ; ; ; ;1;163;76.61;EUR;8004940;COMMERCIALE  PNEUMATICI  SRL;PRADAMANO
PIRELLI;201803;METZELER;Moto                                                                               ; ; ; ;0;130;70;18;63;H; ; ;ME 888 MARATHON ULTRA FRONT;5949; ; ;8019227242942;2429400; ; ; ; ;1;252;116.07;EUR;8017183;LK KOMJANC LUIGI SRL;GORIZIA
PIRELLI;201803;METZELER;Moto                                                                               ; ; ; ;0;180;60;16;74;H; ; ;ME 888 MARATHON ULTRA;9171; ; ;8019227242959;2429500; ; ; ; ;1;278;128.05;EUR;8017183;LK KOMJANC LUIGI SRL;GORIZIA
PIRELLI;201802;FORMULA;Car; ;SUMMER; ;0;215;55;16;97;V; ; ;FORMULA ENERGY;9494; ; ;8019227322224;3222200; ; ; ; ;4;121;67.25;EUR;8017183;LK KOMJANC LUIGI SRL;GORIZIA
PIRELLI;201802;FORMULA;Car; ;SUMMER; ;0;125;;12;62;S; ; ;CINTURATO CN54;4217; ; ;8019227174496;1744900; ; ; ; ;4;59.5;33.07;EUR;8001333;PIERIS GOMME S.R.L.;SAN CANZIAN D'ISONZO
PIRELLI;201802;FORMULA;Car; ;SUMMER; ;0;125;;12;62;S; ; ;CINTURATO CN54;4217; ; ;8019227174496;1744900; ; ; ; ;4;59.5;33.07;EUR;8001304;SOLIGO S.N.C. DI SOLIGO R.L. & C.;QUINTO DI TREVISO
PIRELLI;201802;FORMULA;Car; ;WINTER; ;0;185;60;15;88;T; ; ;FORMULA WINTER;8089; ; ;8019227217322;2173200; ; ; ; ;1;104;44.62;EUR;8017183;LK KOMJANC LUIGI SRL;GORIZIA
PIRELLI;201802;FORMULA;Car; ;WINTER; ;0;195;65;15;91;T; ; ;FORMULA WINTER;8924; ; ;8019227217285;2172800; ; ; ; ;8;92.5;31.57;EUR;8052402;FRATTINI GOMME;CESANO BOSCONE
PIRELLI;201802;FORMULA;Car; ;WINTER; ;0;205;55;16;91;T; ; ;FORMULA WINTER;8670; ; ;8019227217407;2174000; ; ; ; ;2;135;46.07;EUR;8052402;FRATTINI GOMME;CESANO BOSCONE
PIRELLI;201802;FORMULA;Car; ;WINTER; ;0;205;55;16;94;H; ; ;FORMULA WINTER;8670; ; ;8019227240108;2401000; ; ; ; ;12;164.5;55.56;EUR;8005347;GUGLIELMO VITTORIO SRL;ROVIGO
PIRELLI;201802;PIRELLI;Car; ;ALL SEASONS; ;0;165;70;14;81;T; ; ;CINTURATO ALL SEASON;6943; ; ;8019227273007;2730000; ; ; ; ;4;80.5;41.21;EUR;8052402;FRATTINI GOMME;CESANO BOSCONE
PIRELLI;201802;PIRELLI;Car; ;ALL SEASONS; ;0;165;70;14;81;T; ; ;CINTURATO ALL SEASON;6943; ; ;8019227273007;2730000; ; ; ; ;16;80.5;43.47;EUR;8001432;PIVA GOMME SCHIO S.R.L.;SCHIO
PIRELLI;201802;PIRELLI;Car; ;ALL SEASONS; ;0;175;65;14;82;T; ; ;CINTURATO ALL SEASON;6992; ; ;8019227352665;3526600; ; ; ; ;7;80.5;40.78;EUR;8040786;FERRARI GOMME SNC;ROZZANO FRAZ.QUINTO DE'STAMPI
PIRELLI;201802;PIRELLI;Car; ;ALL SEASONS; ;0;175;65;14;82;T; ; ;CINTURATO ALL SEASON;6992; ; ;8019227352665;3526600; ; ; ; ;4;80.5;42.38;EUR;8001333;PIERIS GOMME S.R.L.;SAN CANZIAN D'ISONZO
PIRELLI;201802;PIRELLI;Car; ;ALL SEASONS; ;0;175;65;14;82;T; ; ;CINTURATO ALL SEASON;6992; ; ;8019227352665;3526600; ; ; ; ;4;80.5;41.21;EUR;8052402;FRATTINI GOMME;CESANO BOSCONE
PIRELLI;201802;PIRELLI;Car; ;ALL SEASONS; ;0;175;65;14;82;T; ; ;CINTURATO ALL SEASON;6992; ; ;8019227352665;3526600; ; ; ; ;12;80.5;43.47;EUR;8001432;PIVA GOMME SCHIO S.R.L.;SCHIO
PIRELLI;201802;PIRELLI;Car; ;ALL SEASONS; ;0;175;65;15;84;H; ; ;CINTURATO ALL SEASON;6939; ; ;8019227253306;2533000; ; ; ; ;4;101;51.7;EUR;8052402;FRATTINI GOMME;CESANO BOSCONE
PIRELLI;201802;PIRELLI;Car; ;ALL SEASONS; ;0;185;55;15;82;H; ; ;CINTURATO ALL SEASON PLUS;7657; ; ;8019227309003;3090000; ; ; ; ;8;111;56.24;EUR;8040786;FERRARI GOMME SNC;ROZZANO FRAZ.QUINTO DE'STAMPI
PIRELLI;201802;PIRELLI;Car; ;ALL SEASONS; ;0;185;55;15;82;H; ; ;CINTURATO ALL SEASON PLUS;7657; ; ;8019227309003;3090000; ; ; ; ;2;111;58.44;EUR;8005783;LUSI GOMMA S.R.L.;BUONCONVENTO
PIRELLI;201802;PIRELLI;Car; ;ALL SEASONS; ;0;185;60;15;88;H; ; ;CINTURATO ALL SEASON PLUS;7618; ; ;8019227308877;3088700; ; ; ; ;4;110.5;56.52;EUR;8015314;GIACOBAZZI GOMME DI ALBERTO G.;MONTEGROTTO TERME
PIRELLI;201802;PIRELLI;Car; ;ALL SEASONS; ;0;185;60;15;88;H; ; ;CINTURATO ALL SEASON PLUS;7618; ; ;8019227308877;3088700; ; ; ; ;4;110.5;56.56;EUR;8052402;FRATTINI GOMME;CESANO BOSCONE
PIRELLI;201802;PIRELLI;Car; ;ALL SEASONS; ;0;185;60;15;88;H; ; ;CINTURATO ALL SEASON PLUS;7618; ; ;8019227308877;3088700; ; ; ; ;8;110.5;59.67;EUR;8001432;PIVA GOMME SCHIO S.R.L.;SCHIO
PIRELLI;201802;PIRELLI;Car; ;ALL SEASONS; ;0;185;65;15;88;H; ; ;CINTURATO ALL SEASON;7583; ; ;8019227253337;2533300; ; ; ; ;4;92;50.61;EUR;8051195;MACERATESI GOMME SNC;SUBIACO
PIRELLI;201802;PIRELLI;Car; ;ALL SEASONS; ;0;185;65;15;88;H; ; ;CINTURATO ALL SEASON;7583; ; ;8019227253337;2533300; ; ; ; ;2;92;51.13;EUR;8017183;LK KOMJANC LUIGI SRL;GORIZIA
PIRELLI;201802;PIRELLI;Car; ;ALL SEASONS; ;0;185;65;15;88;H; ; ;CINTURATO ALL SEASON;7583; ; ;8019227253337;2533300; ; ; ; ;4;92;48.44;EUR;8001333;PIERIS GOMME S.R.L.;SAN CANZIAN D'ISONZO
PIRELLI;201802;PIRELLI;Car; ;ALL SEASONS; ;0;185;65;15;88;H; ; ;CINTURATO ALL SEASON;7583; ; ;8019227253337;2533300; ; ; ; ;4;92;47.09;EUR;8052402;FRATTINI GOMME;CESANO BOSCONE
PIRELLI;201802;PIRELLI;Car; ;ALL SEASONS; ;0;185;65;15;88;H; ; ;CINTURATO ALL SEASON PLUS;8161; ; ;8019227308976;3089700; ; ; ; ;8;92;46.61;EUR;8040786;FERRARI GOMME SNC;ROZZANO FRAZ.QUINTO DE'STAMPI
PIRELLI;201802;PIRELLI;Car; ;ALL SEASONS; ;0;185;65;15;88;H; ; ;CINTURATO ALL SEASON PLUS;8161; ; ;8019227308976;3089700; ; ; ; ;4;92;47.09;EUR;8052402;FRATTINI GOMME;CESANO BOSCONE
PIRELLI;201802;PIRELLI;Car; ;ALL SEASONS; ;0;185;65;15;88;H; ; ;CINTURATO ALL SEASON PLUS;8161; ; ;8019227308976;3089700; ; ; ; ;4;92;48.44;EUR;8001487;MOSCONI GOMME E SERVICE S.A.S;GREZZANA
PIRELLI;201802;PIRELLI;Car; ;ALL SEASONS; ;0;195;65;15;91;H; ; ;CINTURATO ALL SEASON PLUS;8910; ; ;8019227308884;3088800; ; ; ; ;4;85.5;43.73;EUR;8015314;GIACOBAZZI GOMME DI ALBERTO G.;MONTEGROTTO TERME
PIRELLI;201802;PIRELLI;Car; ;ALL SEASONS; ;0;195;65;15;91;H; ; ;CINTURATO ALL SEASON PLUS;8910; ; ;8019227308884;3088800; ; ; ; ;4;85.5;45.02;EUR;8005783;LUSI GOMMA S.R.L.;BUONCONVENTO
PIRELLI;201802;PIRELLI;Car; ;ALL SEASONS; ;0;195;65;15;91;H; ; ;CINTURATO ALL SEASON PLUS;8910; ; ;8019227308884;3088800; ; ; ; ;4;85.5;43.77;EUR;8052402;FRATTINI GOMME;CESANO BOSCONE
PIRELLI;201802;PIRELLI;Car; ;ALL SEASONS; ;0;195;65;15;91;H; ; ;CINTURATO ALL SEASON PLUS;8910; ; ;8019227308884;3088800; ; ; ; ;8;85.5;45.02;EUR;8004940;COMMERCIALE  PNEUMATICI  SRL;PRADAMANO
PIRELLI;201802;PIRELLI;Car; ;ALL SEASONS; ;0;205;50;17;93;W; ; ;CINTURATO ALL SEASON PLUS;9135; ; ;8019227309058;3090500; ; ; ; ;4;181;94.32;EUR;8005347;GUGLIELMO VITTORIO SRL;ROVIGO
PIRELLI;201802;PIRELLI;Car; ;ALL SEASONS; ;0;205;55;16;91;V; ; ;CINTURATO ALL SEASON PLUS;9275; ; ;8019227308938;3089300; ; ; ; ;5;110.5;58.18;EUR;8005783;LUSI GOMMA S.R.L.;BUONCONVENTO
PIRELLI;201802;PIRELLI;Car; ;ALL SEASONS; ;0;205;55;16;91;V; ; ;CINTURATO ALL SEASON PLUS;9275; ; ;8019227308938;3089300; ; ; ; ;4;110.5;56.56;EUR;8052402;FRATTINI GOMME;CESANO BOSCONE
PIRELLI;201802;PIRELLI;Car; ;ALL SEASONS; ;0;205;55;16;91;V; ; ;CINTURATO ALL SEASON PLUS;9275; ; ;8019227308938;3089300; ; ; ; ;20;110.5;59.67;EUR;8001432;PIVA GOMME SCHIO S.R.L.;SCHIO
PIRELLI;201802;PIRELLI;Car; ;ALL SEASONS; ;0;205;55;16;91;V; ; ;CINTURATO ALL SEASON PLUS;9275; ; ;8019227308938;3089300; ; ; ; ;4;110.5;57.58;EUR;8005347;GUGLIELMO VITTORIO SRL;ROVIGO
PIRELLI;201802;PIRELLI;Car; ;ALL SEASONS; ;0;205;55;16;91;V; ; ;CINTURATO ALL SEASON PLUS;9275; ; ;8019227308938;3089300; ; ; ; ;12;110.5;58.18;EUR;8004940;COMMERCIALE  PNEUMATICI  SRL;PRADAMANO
PIRELLI;201802;PIRELLI;Car; ;ALL SEASONS; ;0;205;55;16;91;V; ; ;CINTURATO ALL SEASON PLUS;10094; ; ;8019227309027;3090200; ; ; ; ;12;117.5;60.72;EUR;8043214;BREMBATI GOMME SRL;MILANO
PIRELLI;201802;PIRELLI;Car; ;ALL SEASONS; ;0;205;55;16;91;V; ; ;CINTURATO ALL SEASON PLUS;10094; ; ;8019227309027;3090200; ; ; ; ;4;117.5;60.15;EUR;8052402;FRATTINI GOMME;CESANO BOSCONE
PIRELLI;201802;PIRELLI;Car; ;ALL SEASONS; ;0;225;45;17;94;W; ; ;CINTURATO ALL SEASON PLUS;10257; ; ;8019227308969;3089600; ; ; ; ;6;145.5;71.61;EUR;8040786;FERRARI GOMME SNC;ROZZANO FRAZ.QUINTO DE'STAMPI
PIRELLI;201802;PIRELLI;Car; ;ALL SEASONS; ;0;225;45;17;94;W; ; ;CINTURATO ALL SEASON PLUS;10257; ; ;8019227308969;3089600; ; ; ; ;2;145.5;77.93;EUR;8051195;MACERATESI GOMME SNC;SUBIACO
PIRELLI;201802;PIRELLI;Car; ;ALL SEASONS; ;0;225;45;17;94;W; ; ;CINTURATO ALL SEASON PLUS;10257; ; ;8019227308969;3089600; ; ; ; ;4;145.5;72.35;EUR;8052402;FRATTINI GOMME;CESANO BOSCONE
PIRELLI;201802;PIRELLI;Car; ;ALL SEASONS; ;0;225;45;17;94;W; ; ;CINTURATO ALL SEASON PLUS;10257; ; ;8019227308969;3089600; ; ; ; ;12;145.5;78.57;EUR;8001432;PIVA GOMME SCHIO S.R.L.;SCHIO
PIRELLI;201802;PIRELLI;Car; ;ALL SEASONS; ;0;225;45;17;94;W; ; ;CINTURATO ALL SEASON PLUS;10257; ; ;8019227308969;3089600; ; ; ; ;7;145.5;75.82;EUR;8005347;GUGLIELMO VITTORIO SRL;ROVIGO
PIRELLI;201802;PIRELLI;Car; ;ALL SEASONS; ;0;225;45;17;94;W; ; ;CINTURATO ALL SEASON PLUS;10257; ; ;8019227308969;3089600; ; ; ; ;4;145.5;76.61;EUR;8004940;COMMERCIALE  PNEUMATICI  SRL;PRADAMANO
PIRELLI;201802;PIRELLI;Car; ;SUMMER; ;1;225;45;18;95;Y; ; ;CINTURATO P7;11758;MOE; ;8019227260717;2607100; ; ; ; ;2;252;132.68;EUR;8001487;MOSCONI GOMME E SERVICE S.A.S;GREZZANA
PIRELLI;201802;PIRELLI;Car; ;SUMMER; ;1;225;50;17;94;W; ; ;CINTURATO P7;11771;*; ;8019227202809;2028000; ; ; ; ;4;207.5;103.18;EUR;8052402;FRATTINI GOMME;CESANO BOSCONE
PIRELLI;201802;PIRELLI;Car; ;SUMMER; ;1;225;55;17;97;Y; ; ;CINTURATO P7;13421;*MOE; ;8019227247930;2479300; ; ; ; ;4;228;112.21;EUR;8040786;FERRARI GOMME SNC;ROZZANO FRAZ.QUINTO DE'STAMPI
PIRELLI;201802;PIRELLI;Car; ;SUMMER; ;1;245;40;18;97;Y; ; ;CINTURATO P7;12190;MOE; ;8019227260724;2607200; ; ; ; ;2;241.5;127.15;EUR;8001487;MOSCONI GOMME E SERVICE S.A.S;GREZZANA
PIRELLI;201802;PIRELLI;Car; ;SUMMER; ;1;245;40;20;99;Y; ; ;P-ZERO;13273;*; ;8019227297980;2979800; ; ; ; ;2;423.5;210.58;EUR;8052402;FRATTINI GOMME;CESANO BOSCONE
PIRELLI;201802;PIRELLI;Car; ;SUMMER; ;1;245;45;18;96;Y; ; ;CINTURATO P7;13001;*; ;8019227207484;2074800; ; ; ; ;2;259.5;129.03;EUR;8052402;FRATTINI GOMME;CESANO BOSCONE
PIRELLI;201802;PIRELLI;Car; ;SUMMER; ;1;255;35;18;90;Y; ; ;PZERO;12523; ; ;8019227174021;1740200; ; ; ; ;2;347;174.24;EUR;8043214;BREMBATI GOMME SRL;MILANO
PIRELLI;201802;PIRELLI;Car; ;SUMMER; ;1;275;35;20;102;Y; ; ;P-ZERO;14779;*; ;8019227297973;2979700; ; ; ; ;2;423.5;210.58;EUR;8052402;FRATTINI GOMME;CESANO BOSCONE
PIRELLI;201802;PIRELLI;Car; ;SUMMER; ;0;155;65;14;75;T; ; ;CINTURATO P1;5719; ; ;8019227233100;2331000; ; ; ; ;4;74.5;38.14;EUR;8052402;FRATTINI GOMME;CESANO BOSCONE
PIRELLI;201802;PIRELLI;Car; ;SUMMER; ;0;155;65;14;75;T; ; ;CINTURATO P1;5719; ; ;8019227233100;2331000; ; ; ; ;4;74.5;39.23;EUR;8001487;MOSCONI GOMME E SERVICE S.A.S;GREZZANA
PIRELLI;201802;PIRELLI;Car; ;SUMMER; ;0;165;70;14;81;T; ; ;CINTURATO P1;6533; ; ;8019227232554;2325500; ; ; ; ;4;73;33.29;EUR;8040786;FERRARI GOMME SNC;ROZZANO FRAZ.QUINTO DE'STAMPI
PIRELLI;201802;PIRELLI;Car; ;SUMMER; ;0;165;70;14;81;T; ; ;CINTURATO P1;6533; ; ;8019227232554;2325500; ; ; ; ;8;73;33.29;EUR;8005361;SPRINT GOMME SNC;SOAVE
PIRELLI;201802;PIRELLI;Car; ;SUMMER; ;0;175;65;14;82;T; ; ;CINTURATO P1;6670; ; ;8019227232578;2325700; ; ; ; ;4;77;33.64;EUR;8001333;PIERIS GOMME S.R.L.;SAN CANZIAN D'ISONZO
PIRELLI;201802;PIRELLI;Car; ;SUMMER; ;0;175;65;15;84;H; ; ;CINTURATO P1;6975; ; ;8019227232585;2325800; ; ; ; ;4;92;47.09;EUR;8052402;FRATTINI GOMME;CESANO BOSCONE
PIRELLI;201802;PIRELLI;Car; ;SUMMER; ;0;175;65;15;84;H; ; ;CINTURATO P1;6975; ; ;8019227232585;2325800; ; ; ; ;8;92;48.44;EUR;8004940;COMMERCIALE  PNEUMATICI  SRL;PRADAMANO
PIRELLI;201802;PIRELLI;Car; ;SUMMER; ;0;175;65;15;84;T; ; ;CINTURATO P1;7020; ; ;8019227232561;2325600; ; ; ; ;3;81;41.04;EUR;8040786;FERRARI GOMME SNC;ROZZANO FRAZ.QUINTO DE'STAMPI
PIRELLI;201802;PIRELLI;Car; ;SUMMER; ;0;175;65;15;84;T; ; ;CINTURATO P1;7020; ; ;8019227232561;2325600; ; ; ; ;3;81;42.65;EUR;8005783;LUSI GOMMA S.R.L.;BUONCONVENTO
PIRELLI;201802;PIRELLI;Car; ;SUMMER; ;0;175;65;15;84;T; ; ;CINTURATO P1;7020; ; ;8019227232561;2325600; ; ; ; ;4;81;41.46;EUR;8052402;FRATTINI GOMME;CESANO BOSCONE
PIRELLI;201802;PIRELLI;Car; ;SUMMER; ;0;175;65;15;84;T; ; ;CINTURATO P1;7020; ; ;8019227232561;2325600; ; ; ; ;12;81;42.21;EUR;8005361;SPRINT GOMME SNC;SOAVE
PIRELLI;201802;PIRELLI;Car; ;SUMMER; ;0;175;70;14;88;T; ; ;CINTURATO P1;6986; ; ;8019227259537;2595300; ; ; ; ;2;95;52.8;EUR;8017183;LK KOMJANC LUIGI SRL;GORIZIA
PIRELLI;201802;PIRELLI;Car; ;SUMMER; ;0;185;55;15;82;H; ; ;CINTURATO P1;7039; ; ;8019227232622;2326200; ; ; ; ;4;106;55.81;EUR;8001333;PIERIS GOMME S.R.L.;SAN CANZIAN D'ISONZO
PIRELLI;201802;PIRELLI;Car; ;SUMMER; ;0;185;55;15;82;H; ; ;CINTURATO P1;7039; ; ;8019227232622;2326200; ; ; ; ;8;106;54.26;EUR;8052402;FRATTINI GOMME;CESANO BOSCONE
PIRELLI;201802;PIRELLI;Car; ;SUMMER; ;0;185;55;15;82;H; ; ;CINTURATO P1;7039; ; ;8019227232622;2326200; ; ; ; ;4;106;55.81;EUR;8001487;MOSCONI GOMME E SERVICE S.A.S;GREZZANA
PIRELLI;201802;PIRELLI;Car; ;SUMMER; ;0;185;60;14;82;H; ; ;CINTURATO P1;6995; ; ;8019227232646;2326400; ; ; ; ;2;76;35.1;EUR;8052402;FRATTINI GOMME;CESANO BOSCONE
PIRELLI;201802;PIRELLI;Car; ;SUMMER; ;0;185;60;15;84;H; ; ;CINTURATO P1;7390; ; ;8019227281316;2813100; ; ; ; ;8;100;47.29;EUR;8001333;PIERIS GOMME S.R.L.;SAN CANZIAN D'ISONZO
PIRELLI;201802;PIRELLI;Car; ;SUMMER; ;0;185;60;15;84;H; ; ;CINTURATO P1;7390; ; ;8019227281316;2813100; ; ; ; ;4;100;47.29;EUR;8052402;FRATTINI GOMME;CESANO BOSCONE
PIRELLI;201802;PIRELLI;Car; ;SUMMER; ;0;185;60;15;88;H; ; ;CINTURATO P1;7401; ; ;8019227267815;2678100; ; ; ; ;4;104.5;53.45;EUR;8015314;GIACOBAZZI GOMME DI ALBERTO G.;MONTEGROTTO TERME
PIRELLI;201802;PIRELLI;Car; ;SUMMER; ;0;185;60;15;88;H; ; ;CINTURATO P1;7401; ; ;8019227267815;2678100; ; ; ; ;4;104.5;55.02;EUR;8001487;MOSCONI GOMME E SERVICE S.A.S;GREZZANA
PIRELLI;201802;PIRELLI;Car; ;SUMMER; ;0;185;60;15;88;H; ; ;CINTURATO P1;7401; ; ;8019227267815;2678100; ; ; ; ;2;104.5;54.46;EUR;8005361;SPRINT GOMME SNC;SOAVE
PIRELLI;201802;PIRELLI;Car; ;SUMMER; ;0;185;65;14;86;T; ; ;CINTURATO P1;7119; ; ;8019227232684;2326800; ; ; ; ;4;87;45.34;EUR;8005361;SPRINT GOMME SNC;SOAVE
PIRELLI;201802;PIRELLI;Car; ;SUMMER; ;0;185;65;15;88;H; ; ;CINTURATO P1;7649; ; ;8019227232677;2326700; ; ; ; ;1;96.5;49.35;EUR;8015314;GIACOBAZZI GOMME DI ALBERTO G.;MONTEGROTTO TERME
PIRELLI;201802;PIRELLI;Car; ;SUMMER; ;0;185;65;15;92;H; ; ;CINTURATO P1;7747; ; ;8019227262285;2622800; ; ; ; ;4;87;44.5;EUR;8015314;GIACOBAZZI GOMME DI ALBERTO G.;MONTEGROTTO TERME
PIRELLI;201802;PIRELLI;Car; ;SUMMER; ;0;185;65;15;92;H; ; ;CINTURATO P1;7747; ; ;8019227262285;2622800; ; ; ; ;6;87;45.81;EUR;8001487;MOSCONI GOMME E SERVICE S.A.S;GREZZANA
PIRELLI;201802;PIRELLI;Car; ;SUMMER; ;0;185;65;15;92;H; ; ;CINTURATO P1;7747; ; ;8019227262285;2622800; ; ; ; ;2;87;45.34;EUR;8005361;SPRINT GOMME SNC;SOAVE
PIRELLI;201802;PIRELLI;Car; ;SUMMER; ;0;195;50;15;82;V; ; ;CINTURATO P1;7125; ; ;8019227232851;2328500; ; ; ; ;12;83.5;42.71;EUR;8015314;GIACOBAZZI GOMME DI ALBERTO G.;MONTEGROTTO TERME
PIRELLI;201802;PIRELLI;Car; ;SUMMER; ;0;195;50;15;82;V; ; ;CINTURATO P1;7125; ; ;8019227232851;2328500; ; ; ; ;8;83.5;42.74;EUR;8052402;FRATTINI GOMME;CESANO BOSCONE
PIRELLI;201802;PIRELLI;Car; ;SUMMER; ;0;195;50;15;82;V; ; ;CINTURATO P1;7125; ; ;8019227232851;2328500; ; ; ; ;2;83.5;43.97;EUR;8001487;MOSCONI GOMME E SERVICE S.A.S;GREZZANA
PIRELLI;201802;PIRELLI;Car; ;SUMMER; ;0;195;50;15;82;V; ; ;CINTURATO P1;7125; ; ;8019227232851;2328500; ; ; ; ;4;83.5;43.51;EUR;8005361;SPRINT GOMME SNC;SOAVE
PIRELLI;201802;PIRELLI;Car; ;SUMMER; ;0;195;50;16;88;V; ; ;CINTURATO P1;8048; ; ;8019227232745;2327400; ; ; ; ;4;145.5;73.72;EUR;8040786;FERRARI GOMME SNC;ROZZANO FRAZ.QUINTO DE'STAMPI
PIRELLI;201802;PIRELLI;Car; ;SUMMER; ;0;195;55;15;85;H; ; ;CINTURATO P1;7550; ; ;8019227266238;2662300; ; ; ; ;4;115.5;59.12;EUR;8052402;FRATTINI GOMME;CESANO BOSCONE
PIRELLI;201802;PIRELLI;Car; ;SUMMER; ;0;195;60;15;88;H; ; ;CINTURATO P1;7963; ; ;8019227232783;2327800; ; ; ; ;2;95;50.02;EUR;8005783;LUSI GOMMA S.R.L.;BUONCONVENTO
PIRELLI;201802;PIRELLI;Car; ;SUMMER; ;0;195;60;15;88;H; ; ;CINTURATO P1;7963; ; ;8019227232783;2327800; ; ; ; ;1;95;50.02;EUR;8001487;MOSCONI GOMME E SERVICE S.A.S;GREZZANA
PIRELLI;201802;PIRELLI;Car; ;SUMMER; ;0;195;60;15;88;V; ; ;CINTURATO P1;7963; ; ;8019227233131;2331300; ; ; ; ;4;103;52.68;EUR;8015314;GIACOBAZZI GOMME DI ALBERTO G.;MONTEGROTTO TERME
PIRELLI;201802;PIRELLI;Car; ;SUMMER; ;0;195;65;15;91;H; ; ;CINTURATO P1;8332; ; ;8019227232769;2327600; ; ; ; ;8;81;41.43;EUR;8015314;GIACOBAZZI GOMME DI ALBERTO G.;MONTEGROTTO TERME
PIRELLI;201802;PIRELLI;Car; ;SUMMER; ;0;195;65;15;91;H; ; ;CINTURATO P1;8332; ; ;8019227232769;2327600; ; ; ; ;8;81;41.46;EUR;8052402;FRATTINI GOMME;CESANO BOSCONE
PIRELLI;201802;PIRELLI;Car; ;SUMMER; ;0;195;65;15;91;H; ; ;CINTURATO P1;8332; ; ;8019227232769;2327600; ; ; ; ;4;81;42.65;EUR;8001487;MOSCONI GOMME E SERVICE S.A.S;GREZZANA
PIRELLI;201802;PIRELLI;Car; ;SUMMER; ;0;195;65;15;91;H; ; ;CINTURATO P1;8332; ; ;8019227232769;2327600; ; ; ; ;3;81;42.21;EUR;8005361;SPRINT GOMME SNC;SOAVE
PIRELLI;201802;PIRELLI;Car; ;SUMMER; ;0;205;40;17;84;W; ; ;PZERO NERO;9015; ; ;8019227142419;1424100; ; ; ; ;2;138;67.92;EUR;8040786;FERRARI GOMME SNC;ROZZANO FRAZ.QUINTO DE'STAMPI
PIRELLI;201802;PIRELLI;Car; ;SUMMER; ;0;205;45;17;88;V; ; ;PZERO NERO GT;8124; ; ;8019227238310;2383100; ; ; ; ;8;155.5;76.53;EUR;8040786;FERRARI GOMME SNC;ROZZANO FRAZ.QUINTO DE'STAMPI
PIRELLI;201802;PIRELLI;Car; ;SUMMER; ;0;205;50;17;93;W; ; ;CINTURATO P7;9275; ; ;8019227248708;2487000; ; ; ; ;4;158.5;78.82;EUR;8052402;FRATTINI GOMME;CESANO BOSCONE
PIRELLI;201802;PIRELLI;Car; ;SUMMER; ;0;205;55;16;91;V; ; ;CINTURATO P7;8295; ; ;8019227232899;2328900; ; ; ; ;9;93.5;43.39;EUR;8043214;BREMBATI GOMME SRL;MILANO
PIRELLI;201802;PIRELLI;Car; ;SUMMER; ;0;205;55;16;91;V; ; ;CINTURATO P7;8295; ; ;8019227232899;2328900; ; ; ; ;9;93.5;42.94;EUR;8040786;FERRARI GOMME SNC;ROZZANO FRAZ.QUINTO DE'STAMPI
PIRELLI;201802;PIRELLI;Car; ;SUMMER; ;0;205;55;16;91;V; ; ;CINTURATO P7;8295; ; ;8019227232899;2328900; ; ; ; ;12;93.5;42.94;EUR;8015314;GIACOBAZZI GOMME DI ALBERTO G.;MONTEGROTTO TERME
PIRELLI;201802;PIRELLI;Car; ;SUMMER; ;0;205;55;16;91;V; ; ;CINTURATO P7;8295; ; ;8019227232899;2328900; ; ; ; ;12;93.5;43.39;EUR;8001333;PIERIS GOMME S.R.L.;SAN CANZIAN D'ISONZO
PIRELLI;201802;PIRELLI;Car; ;SUMMER; ;0;205;55;16;91;V; ; ;CINTURATO P7;8295; ; ;8019227232899;2328900; ; ; ; ;20;93.5;43.39;EUR;8005783;LUSI GOMMA S.R.L.;BUONCONVENTO
PIRELLI;201802;PIRELLI;Car; ;SUMMER; ;0;205;55;16;91;V; ; ;CINTURATO P7;8295; ; ;8019227232899;2328900; ; ; ; ;36;93.5;43.39;EUR;8052402;FRATTINI GOMME;CESANO BOSCONE
PIRELLI;201802;PIRELLI;Car; ;SUMMER; ;0;205;55;16;91;V; ; ;CINTURATO P7;8295; ; ;8019227232899;2328900; ; ; ; ;7;93.5;51.96;EUR;8017820;COGO DAMIANO;MONTECCHIO MAGGIORE
PIRELLI;201802;PIRELLI;Car; ;SUMMER; ;0;205;55;16;91;V; ; ;CINTURATO P7;8295; ; ;8019227232899;2328900; ; ; ; ;24;93.5;43.39;EUR;8001487;MOSCONI GOMME E SERVICE S.A.S;GREZZANA
PIRELLI;201802;PIRELLI;Car; ;SUMMER; ;0;205;55;16;91;V; ; ;CINTURATO P7;8295; ; ;8019227232899;2328900; ; ; ; ;40;93.5;42.94;EUR;8005347;GUGLIELMO VITTORIO SRL;ROVIGO
PIRELLI;201802;PIRELLI;Car; ;SUMMER; ;0;205;55;16;91;V; ; ;CINTURATO P7;8295; ; ;8019227232899;2328900; ; ; ; ;14;93.5;43.39;EUR;8004940;COMMERCIALE  PNEUMATICI  SRL;PRADAMANO
PIRELLI;201802;PIRELLI;Car; ;SUMMER; ;0;205;55;16;91;V; ; ;CINTURATO P7;8295; ; ;8019227232899;2328900; ; ; ; ;20;93.5;42.94;EUR;8005361;SPRINT GOMME SNC;SOAVE
PIRELLI;201802;PIRELLI;Car; ;SUMMER; ;0;205;55;16;91;W; ; ;CINTURATO P7;8148;AO; ;8019227215281;2152800; ; ; ; ;4;101;52.19;EUR;8043214;BREMBATI GOMME SRL;MILANO
PIRELLI;201802;PIRELLI;Car; ;SUMMER; ;0;205;60;16;92;H; ; ;CINTURATO P7;9192; ; ;8019227194876;1948700; ; ; ; ;6;126.5;64.09;EUR;8040786;FERRARI GOMME SNC;ROZZANO FRAZ.QUINTO DE'STAMPI
PIRELLI;201802;PIRELLI;Car; ;SUMMER; ;0;205;60;16;92;H; ; ;CINTURATO P7;9192; ; ;8019227194876;1948700; ; ; ; ;8;126.5;64.75;EUR;8052402;FRATTINI GOMME;CESANO BOSCONE
PIRELLI;201802;PIRELLI;Car; ;SUMMER; ;0;205;60;16;96;V; ; ;CINTURATO P7;8626; ; ;8019227264821;2648200; ; ; ; ;3;145.5;75.19;EUR;8043214;BREMBATI GOMME SRL;MILANO
PIRELLI;201802;PIRELLI;Car; ;SUMMER; ;0;205;60;16;96;V; ; ;CINTURATO P7;8626; ; ;8019227264821;2648200; ; ; ; ;4;145.5;74.48;EUR;8052402;FRATTINI GOMME;CESANO BOSCONE
PIRELLI;201802;PIRELLI;Car; ;SUMMER; ;0;215;55;16;93;V; ; ;CINTURATO P7;9130; ; ;8019227232998;2329900; ; ; ; ;4;164.5;86.61;EUR;8005783;LUSI GOMMA S.R.L.;BUONCONVENTO
PIRELLI;201802;PIRELLI;Car; ;SUMMER; ;0;215;55;16;93;V; ; ;CINTURATO P7;9130; ; ;8019227232998;2329900; ; ; ; ;4;164.5;84.2;EUR;8052402;FRATTINI GOMME;CESANO BOSCONE
PIRELLI;201802;PIRELLI;Car; ;SUMMER; ;0;215;55;17;94;W; ; ;CINTURATO P7;9671; ; ;8019227232370;2323700; ; ; ; ;2;175.5;86.37;EUR;8040786;FERRARI GOMME SNC;ROZZANO FRAZ.QUINTO DE'STAMPI
PIRELLI;201802;PIRELLI;Car; ;SUMMER; ;0;215;55;17;94;W; ; ;CINTURATO P7;9671; ; ;8019227232370;2323700; ; ; ; ;4;175.5;87.27;EUR;8052402;FRATTINI GOMME;CESANO BOSCONE
PIRELLI;201802;PIRELLI;Car; ;SUMMER; ;0;215;55;17;94;W; ; ;CINTURATO P7;9671; ; ;8019227232370;2323700; ; ; ; ;4;175.5;92.4;EUR;8001487;MOSCONI GOMME E SERVICE S.A.S;GREZZANA
PIRELLI;201802;PIRELLI;Car; ;SUMMER; ;0;215;55;17;94;W; ; ;CINTURATO P7;9671; ; ;8019227232370;2323700; ; ; ; ;4;175.5;92.4;EUR;8004940;COMMERCIALE  PNEUMATICI  SRL;PRADAMANO
PIRELLI;201802;PIRELLI;Car; ;SUMMER; ;0;225;40;18;92;W; ; ;CINTURATO P7;9006; ; ;8019227233032;2330300; ; ; ; ;3;146;72.6;EUR;8052402;FRATTINI GOMME;CESANO BOSCONE
PIRELLI;201802;PIRELLI;Car; ;SUMMER; ;0;225;40;18;92;W; ; ;CINTURATO P7 BLUE;8780; ; ;8019227315189;3151800; ; ; ; ;2;169;84.86;EUR;8043214;BREMBATI GOMME SRL;MILANO
PIRELLI;201802;PIRELLI;Car; ;SUMMER; ;0;225;40;18;92;Y; ; ;P-ZERO;9321; ; ;8019227277531;2775300; ; ; ; ;4;146;73.31;EUR;8043214;BREMBATI GOMME SRL;MILANO
PIRELLI;201802;PIRELLI;Car; ;SUMMER; ;0;225;40;18;92;Y; ; ;P-ZERO;9321; ; ;8019227277531;2775300; ; ; ; ;8;146;71.85;EUR;8040786;FERRARI GOMME SNC;ROZZANO FRAZ.QUINTO DE'STAMPI
PIRELLI;201802;PIRELLI;Car; ;SUMMER; ;0;225;40;18;92;Y; ; ;PZERO NERO GT;9413; ; ;8019227259643;2596400; ; ; ; ;8;136.5;67.18;EUR;8040786;FERRARI GOMME SNC;ROZZANO FRAZ.QUINTO DE'STAMPI
PIRELLI;201802;PIRELLI;Car; ;SUMMER; ;0;225;40;18;92;Y; ; ;PZERO NERO GT;9413; ; ;8019227259643;2596400; ; ; ; ;8;136.5;69.81;EUR;8015314;GIACOBAZZI GOMME DI ALBERTO G.;MONTEGROTTO TERME
PIRELLI;201802;PIRELLI;Car; ;SUMMER; ;0;225;40;18;92;Y; ; ;PZERO NERO GT;9413; ; ;8019227259643;2596400; ; ; ; ;4;136.5;71.87;EUR;8001333;PIERIS GOMME S.R.L.;SAN CANZIAN D'ISONZO
PIRELLI;201802;PIRELLI;Car; ;SUMMER; ;0;225;40;18;92;Y; ; ;PZERO NERO GT;9413; ; ;8019227259643;2596400; ; ; ; ;8;136.5;71.87;EUR;8005783;LUSI GOMMA S.R.L.;BUONCONVENTO
PIRELLI;201802;PIRELLI;Car; ;SUMMER; ;0;225;40;18;92;Y; ; ;PZERO NERO GT;9413; ; ;8019227259643;2596400; ; ; ; ;4;136.5;67.88;EUR;8052402;FRATTINI GOMME;CESANO BOSCONE
PIRELLI;201802;PIRELLI;Car; ;SUMMER; ;0;225;40;18;92;Y; ; ;PZERO NERO GT;9413; ; ;8019227259643;2596400; ; ; ; ;2;136.5;71.13;EUR;8005347;GUGLIELMO VITTORIO SRL;ROVIGO
PIRELLI;201802;PIRELLI;Car; ;SUMMER; ;0;225;40;18;92;Y; ; ;PZERO NERO GT;9413; ; ;8019227259643;2596400; ; ; ; ;1;136.5;75.85;EUR;8001762;DRAGO LORENZO GOMME & C.SNC;TAGLIO DI PO
PIRELLI;201802;PIRELLI;Car; ;SUMMER; ;0;225;45;17;91;W; ; ;CINTURATO P7;9371; ; ;8019227225976;2259700; ; ; ; ;2;117.5;58.42;EUR;8052402;FRATTINI GOMME;CESANO BOSCONE
PIRELLI;201802;PIRELLI;Car; ;SUMMER; ;0;225;45;17;91;W; ; ;CINTURATO P7;9371; ; ;8019227225976;2259700; ; ; ; ;12;117.5;61.23;EUR;8005347;GUGLIELMO VITTORIO SRL;ROVIGO
PIRELLI;201802;PIRELLI;Car; ;SUMMER; ;0;225;45;17;91;Y; ; ;CINTURATO P7;8495;AO; ;8019227228892;2288900; ; ; ; ;4;121.5;60.42;EUR;8052402;FRATTINI GOMME;CESANO BOSCONE
PIRELLI;201802;PIRELLI;Car; ;SUMMER; ;0;225;45;17;91;Y; ; ;CINTURATO P7;9136; ; ;8019227308785;3087800; ; ; ; ;4;120.5;60.51;EUR;8043214;BREMBATI GOMME SRL;MILANO
PIRELLI;201802;PIRELLI;Car; ;SUMMER; ;0;225;45;17;91;Y; ; ;CINTURATO P7;9136; ; ;8019227308785;3087800; ; ; ; ;20;120.5;59.3;EUR;8040786;FERRARI GOMME SNC;ROZZANO FRAZ.QUINTO DE'STAMPI
PIRELLI;201802;PIRELLI;Car; ;SUMMER; ;0;225;45;17;91;Y; ; ;CINTURATO P7;9136; ; ;8019227308785;3087800; ; ; ; ;8;120.5;59.92;EUR;8052402;FRATTINI GOMME;CESANO BOSCONE
PIRELLI;201802;PIRELLI;Car; ;SUMMER; ;0;225;45;17;91;Y; ; ;CINTURATO P7;9136; ; ;8019227308785;3087800; ; ; ; ;8;120.5;63.44;EUR;8001487;MOSCONI GOMME E SERVICE S.A.S;GREZZANA
PIRELLI;201802;PIRELLI;Car; ;SUMMER; ;0;225;45;17;91;Y; ; ;CINTURATO P7;9136; ; ;8019227308785;3087800; ; ; ; ;8;120.5;63.44;EUR;8004940;COMMERCIALE  PNEUMATICI  SRL;PRADAMANO
PIRELLI;201802;PIRELLI;Car; ;SUMMER; ;0;225;45;17;94;Y; ; ;PZERO NERO GT;9985; ; ;8019227238396;2383900; ; ; ; ;4;117.5;57.83;EUR;8040786;FERRARI GOMME SNC;ROZZANO FRAZ.QUINTO DE'STAMPI
PIRELLI;201802;PIRELLI;Car; ;SUMMER; ;0;225;45;17;94;Y; ; ;PZERO NERO GT;9985; ; ;8019227238396;2383900; ; ; ; ;8;117.5;61.86;EUR;8001333;PIERIS GOMME S.R.L.;SAN CANZIAN D'ISONZO
PIRELLI;201802;PIRELLI;Car; ;SUMMER; ;0;225;45;17;94;Y; ; ;PZERO NERO GT;9985; ; ;8019227238396;2383900; ; ; ; ;5;117.5;61.86;EUR;8005783;LUSI GOMMA S.R.L.;BUONCONVENTO
PIRELLI;201802;PIRELLI;Car; ;SUMMER; ;0;225;45;17;94;Y; ; ;PZERO NERO GT;9985; ; ;8019227238396;2383900; ; ; ; ;8;117.5;58.43;EUR;8052402;FRATTINI GOMME;CESANO BOSCONE
PIRELLI;201802;PIRELLI;Car; ;SUMMER; ;0;225;45;17;94;Y; ; ;PZERO NERO GT;9985; ; ;8019227238396;2383900; ; ; ; ;8;117.5;61.23;EUR;8005347;GUGLIELMO VITTORIO SRL;ROVIGO
PIRELLI;201802;PIRELLI;Car; ;SUMMER; ;0;225;50;17;94;W; ; ;CINTURATO P7;10638; ; ;8019227254518;2545100; ; ; ; ;8;172.5;86.62;EUR;8043214;BREMBATI GOMME SRL;MILANO
PIRELLI;201802;PIRELLI;Car; ;SUMMER; ;0;225;50;17;94;Y; ; ;CINTURATO P7;10379;AO; ;8019227189872;1898700; ; ; ; ;4;179.5;90.13;EUR;8043214;BREMBATI GOMME SRL;MILANO
PIRELLI;201802;PIRELLI;Car; ;SUMMER; ;0;225;50;17;98;Y; ; ;CINTURATO P7 BLUE;9161; ; ;8019227311655;3116500; ; ; ; ;4;193.5;98.97;EUR;8015314;GIACOBAZZI GOMME DI ALBERTO G.;MONTEGROTTO TERME
PIRELLI;201802;PIRELLI;Car; ;SUMMER; ;0;225;50;17;98;Y; ; ;CINTURATO P7 BLUE;9161; ; ;8019227311655;3116500; ; ; ; ;2;193.5;100.84;EUR;8005347;GUGLIELMO VITTORIO SRL;ROVIGO
PIRELLI;201802;PIRELLI;Car; ;SUMMER; ;0;225;55;16;99;Y; ; ;CINTURATO P7;10185;MO; ;8019227183016;1830100; ; ; ; ;4;173;89.4;EUR;8043214;BREMBATI GOMME SRL;MILANO
PIRELLI;201802;PIRELLI;Car; ;SUMMER; ;0;225;55;17;97;W; ; ;CINTURATO P7;9896;*; ;8019227215670;2156700; ; ; ; ;4;182.5;91.64;EUR;8043214;BREMBATI GOMME SRL;MILANO
PIRELLI;201802;PIRELLI;Car; ;SUMMER; ;0;225;55;17;97;W; ; ;CINTURATO P7;9896;*; ;8019227215670;2156700; ; ; ; ;4;182.5;90.75;EUR;8052402;FRATTINI GOMME;CESANO BOSCONE
PIRELLI;201802;PIRELLI;Car; ;SUMMER; ;0;225;55;17;97;Y; ; ;CINTURATO P7;10875;AO; ;8019227249262;2492600; ; ; ; ;8;182.5;89.82;EUR;8040786;FERRARI GOMME SNC;ROZZANO FRAZ.QUINTO DE'STAMPI
PIRELLI;201802;PIRELLI;Car; ;SUMMER; ;0;225;55;17;97;Y; ; ;CINTURATO P7;10982;AO; ;8019227203851;2038500; ; ; ; ;4;182.5;91.64;EUR;8043214;BREMBATI GOMME SRL;MILANO
PIRELLI;201802;PIRELLI;Car; ;SUMMER; ;0;225;55;17;101;W; ; ;PZERO NERO GT;10901; ; ;8019227237320;2373200; ; ; ; ;4;164.5;80.96;EUR;8040786;FERRARI GOMME SNC;ROZZANO FRAZ.QUINTO DE'STAMPI
PIRELLI;201802;PIRELLI;Car; ;SUMMER; ;0;235;45;17;97;Y; ; ;PZERO NERO GT;10619; ; ;8019227238402;2384000; ; ; ; ;4;142.5;75.03;EUR;8001487;MOSCONI GOMME E SERVICE S.A.S;GREZZANA
PIRELLI;201802;PIRELLI;Car; ;SUMMER; ;0;245;40;18;97;Y; ; ;CINTURATO P7;10778;AO; ;8019227241785;2417800; ; ; ; ;4;182;94.84;EUR;8005347;GUGLIELMO VITTORIO SRL;ROVIGO
PIRELLI;201802;PIRELLI;Car; ;SUMMER; ;0;245;40;18;97;Y; ; ;PZERO NERO GT;11174; ; ;8019227237351;2373500; ; ; ; ;4;174;86.52;EUR;8052402;FRATTINI GOMME;CESANO BOSCONE
PIRELLI;201802;PIRELLI;Car; ;SUMMER; ;0;245;40;20;99;Y; ; ;PZERO;11588;MGT; ;8019227216639;2166300; ; ; ; ;2;356.5;187.7;EUR;8001487;MOSCONI GOMME E SERVICE S.A.S;GREZZANA
PIRELLI;201802;PIRELLI;Car; ;SUMMER; ;0;245;45;17;99;Y; ; ;CINTURATO P7;10073;MO; ;8019227183009;1830000; ; ; ; ;4;209;110.04;EUR;8005783;LUSI GOMMA S.R.L.;BUONCONVENTO
PIRELLI;201802;PIRELLI;Car; ;SUMMER; ;0;245;45;18;100;Y; ; ;CINTURATO P7;10555;*MO; ;8019227247923;2479200; ; ; ; ;4;217.5;107.04;EUR;8040786;FERRARI GOMME SNC;ROZZANO FRAZ.QUINTO DE'STAMPI
PIRELLI;201802;PIRELLI;Car; ;SUMMER; ;0;245;45;18;100;Y; ; ;PZERO NERO GT;11456; ; ;8019227237368;2373600; ; ; ; ;4;185.5;93.15;EUR;8043214;BREMBATI GOMME SRL;MILANO
PIRELLI;201802;PIRELLI;Car; ;SUMMER; ;0;245;45;18;100;Y; ; ;PZERO NERO GT;11456; ; ;8019227237368;2373600; ; ; ; ;8;185.5;91.29;EUR;8040786;FERRARI GOMME SNC;ROZZANO FRAZ.QUINTO DE'STAMPI
PIRELLI;201802;PIRELLI;Car; ;SUMMER; ;0;245;45;18;100;Y; ; ;PZERO NERO GT;11456; ; ;8019227237368;2373600; ; ; ; ;4;185.5;92.24;EUR;8052402;FRATTINI GOMME;CESANO BOSCONE
PIRELLI;201802;PIRELLI;Car; ;SUMMER; ;0;255;35;19;96;Y; ; ;PZERO;10749;AO; ;8019227240436;2404300; ; ; ; ;2;245.5;127.93;EUR;8005347;GUGLIELMO VITTORIO SRL;ROVIGO
PIRELLI;201802;PIRELLI;Car; ;SUMMER; ;0;255;40;19;100;Y; ; ;PZERO;12513;AO; ;8019227199642;1996400; ; ; ; ;4;263;132.06;EUR;8043214;BREMBATI GOMME SRL;MILANO
PIRELLI;201802;PIRELLI;Car; ;SUMMER; ;0;285;35;20;100;Y; ; ;P-ZERO;12937;MGT; ;8019227313628;3136200; ; ; ; ;2;386;203.23;EUR;8001487;MOSCONI GOMME E SERVICE S.A.S;GREZZANA
PIRELLI;201802;PIRELLI;Car; ;WINTER; ;1;255;35;19;96;H; ; ;WINTER SOTTOZERO 3;12471; ; ;8019227272918;2729100; ; ; ; ;2;757;293.74;EUR;8019631;FURLANGOMME SRL;UDINE
PIRELLI;201802;PIRELLI;Car; ;WINTER; ;0;175;65;14;82;T; ; ;CINTURATO WINTER;7009; ; ;8019227269970;2699700; ; ; ; ;4;110.5;4.93;EUR;8001487;MOSCONI GOMME E SERVICE S.A.S;GREZZANA
PIRELLI;201802;PIRELLI;Car; ;WINTER; ;0;185;65;15;92;T; ; ;CINTURATO WINTER;8176; ; ;8019227268720;2687200; ; ; ; ;4;135.5;53.21;EUR;8005361;SPRINT GOMME SNC;SOAVE
PIRELLI;201802;PIRELLI;Car; ;WINTER; ;0;195;55;16;91;H; ; ;CINTURATO WINTER;8010; ; ;8019227268829;2688200; ; ; ; ;4;209.5;36.86;EUR;8001487;MOSCONI GOMME E SERVICE S.A.S;GREZZANA
PIRELLI;201802;PIRELLI;Car; ;WINTER; ;0;205;55;16;91;H; ; ;CINTURATO WINTER;9188; ; ;8019227269369;2693600; ; ; ; ;2;171;61.9;EUR;8043214;BREMBATI GOMME SRL;MILANO
PIRELLI;201802;PIRELLI;Car; ;WINTER; ;0;205;55;16;91;H; ; ;WINTER 210 SOTTOZERO SERIE II;8933; ; ;8019227181326;1813200; ; ; ; ;1;163;57.17;EUR;8052402;FRATTINI GOMME;CESANO BOSCONE
PIRELLI;201802;PIRELLI;Car; ;WINTER; ;0;205;60;16;96;H; ; ;WINTER SOTTOZERO 3;9856; ; ;8019227265316;2653100; ; ; ; ;1;196;69.55;EUR;8015314;GIACOBAZZI GOMME DI ALBERTO G.;MONTEGROTTO TERME
PIRELLI;201802;PIRELLI;Car; ;WINTER; ;0;215;55;16;93;H; ; ;WINTER SOTTOZERO 3;9294; ; ;8019227219227;2192200; ; ; ; ;2;231;87.81;EUR;8043214;BREMBATI GOMME SRL;MILANO
PIRELLI;201802;PIRELLI;Car; ;WINTER; ;0;215;55;17;94;H; ; ;WINTER SOTTOZERO 3;11102; ; ;8019227244519;2445100; ; ; ; ;4;334.5;132.76;EUR;8052402;FRATTINI GOMME;CESANO BOSCONE
PIRELLI;201802;PIRELLI;Car; ;WINTER; ;0;215;60;16;95;H; ; ;WINTER SOTTOZERO 3;11781; ; ;8019227244502;2445000; ; ; ; ;4;248;98.43;EUR;8043214;BREMBATI GOMME SRL;MILANO
PIRELLI;201802;PIRELLI;Car; ;WINTER; ;0;225;40;18;92;V; ; ;WINTER SOTTOZERO 3;9298; ; ;8019227235104;2351000; ; ; ; ;1;275.5;99.69;EUR;8043214;BREMBATI GOMME SRL;MILANO
PIRELLI;201802;PIRELLI;Car; ;WINTER; ;0;225;45;17;91;H; ; ;WINTER SOTTOZERO 3;9172; ; ;8019227278927;2789200; ; ; ; ;1;238.5;-40.86;EUR;8001487;MOSCONI GOMME E SERVICE S.A.S;GREZZANA
PIRELLI;201802;PIRELLI;Car; ;WINTER; ;0;225;45;17;94;V; ; ;WINTER 240 SOTTOZERO SERIE II;9896; ; ;8019227182750;1827500; ; ; ; ;-4;249.5;87.41;EUR;8005783;LUSI GOMMA S.R.L.;BUONCONVENTO
PIRELLI;201802;PIRELLI;Car; ;WINTER; ;0;225;45;19;96;H; ; ;WINTER SOTTOZERO 3;10801; ; ;8019227307757;3077500; ; ; ; ;4;445.5;168.4;EUR;8043214;BREMBATI GOMME SRL;MILANO
PIRELLI;201802;PIRELLI;Car; ;WINTER; ;0;225;45;19;96;H; ; ;WINTER SOTTOZERO 3;10801; ; ;8019227307757;3077500; ; ; ; ;4;445.5;166.62;EUR;8040786;FERRARI GOMME SNC;ROZZANO FRAZ.QUINTO DE'STAMPI
PIRELLI;201802;PIRELLI;Car; ;WINTER; ;0;225;45;19;96;H; ; ;WINTER SOTTOZERO 3;10801; ; ;8019227307757;3077500; ; ; ; ;1;445.5;166.61;EUR;8005347;GUGLIELMO VITTORIO SRL;ROVIGO
PIRELLI;201802;PIRELLI;Car; ;WINTER; ;0;225;50;17;98;H; ; ;WINTER SOTTOZERO 3;10321;AO; ;8019227244533;2445300; ; ; ; ;1;266;104.46;EUR;8040786;FERRARI GOMME SNC;ROZZANO FRAZ.QUINTO DE'STAMPI
PIRELLI;201802;PIRELLI;Car; ;WINTER; ;0;235;35;19;91;V; ; ;WINTER SOTTOZERO 3;10826;RO1; ;8019227255324;2553200; ; ; ; ;1;488.5;184.65;EUR;8052402;FRATTINI GOMME;CESANO BOSCONE
PIRELLI;201802;PIRELLI;Car; ;WINTER; ;0;245;45;18;100;V; ; ;WINTER SOTTOZERO 3;10082;*MO; ;8019227247978;2479700; ; ; ; ;-2;347.5;125.1;EUR;8005361;SPRINT GOMME SNC;SOAVE
PIRELLI;201802;PIRELLI;Car; ;WINTER; ;0;145;;13;74;Q; ; ;WINTER 160;6299; ; ;8019227099744;997400; ; ; ; ;4;115.5;45.84;EUR;8005783;LUSI GOMMA S.R.L.;BUONCONVENTO
PIRELLI;201802;PIRELLI;Car; ;WINTER; ;0;145;;13;74;Q; ; ;WINTER 160;6299; ; ;8019227099744;997400; ; ; ; ;8;115.5;47.06;EUR;8001432;PIVA GOMME SCHIO S.R.L.;SCHIO
PIRELLI;201802;PIRELLI;SUV; ;ALL SEASONS; ;0;215;65;16;102;V; ; ;CINTURATO ALL SEASON PLUS;10782; ; ;8019227309089;3090800; ; ; ; ;2;151.5;78.29;EUR;8043214;BREMBATI GOMME SRL;MILANO
PIRELLI;201802;PIRELLI;SUV; ;ALL SEASONS; ;0;215;65;16;102;V; ; ;CINTURATO ALL SEASON PLUS;10782; ; ;8019227309089;3090800; ; ; ; ;4;151.5;79.77;EUR;8004940;COMMERCIALE  PNEUMATICI  SRL;PRADAMANO
PIRELLI;201802;PIRELLI;SUV; ;ALL SEASONS; ;0;215;65;17;99;V; ; ;SCORPION VERDE ALL SEASON;12642; ; ;8019227251838;2518300; ; ; ; ;4;193.5;95.23;EUR;8040786;FERRARI GOMME SNC;ROZZANO FRAZ.QUINTO DE'STAMPI
PIRELLI;201802;PIRELLI;SUV; ;ALL SEASONS; ;0;235;50;18;97;V; ; ;SCORPION VERDE ALL SEASON;12614; ; ;8019227195347;1953400; ; ; ; ;6;195;95.97;EUR;8040786;FERRARI GOMME SNC;ROZZANO FRAZ.QUINTO DE'STAMPI
PIRELLI;201802;PIRELLI;SUV; ;ALL SEASONS; ;0;235;50;18;97;V; ; ;SCORPION VERDE ALL SEASON;12614; ; ;8019227195347;1953400; ; ; ; ;4;195;102.67;EUR;8005783;LUSI GOMMA S.R.L.;BUONCONVENTO
PIRELLI;201802;PIRELLI;SUV; ;ALL SEASONS; ;0;235;55;17;99;V; ; ;SCORPION VERDE ALL SEASON;12091; ; ;8019227195361;1953600; ; ; ; ;4;175.5;87.27;EUR;8052402;FRATTINI GOMME;CESANO BOSCONE
PIRELLI;201802;PIRELLI;SUV; ;ALL SEASONS; ;0;235;55;17;99;V; ; ;SCORPION VERDE ALL SEASON;12091; ; ;8019227195361;1953600; ; ; ; ;2;175.5;92.39;EUR;8001487;MOSCONI GOMME E SERVICE S.A.S;GREZZANA
PIRELLI;201802;PIRELLI;SUV; ;ALL SEASONS; ;0;235;55;19;105;V; ; ;SCORPION VERDE ALL SEASON;12106;AR; ;8019227274448;2744400; ; ; ; ;4;233;115.86;EUR;8052402;FRATTINI GOMME;CESANO BOSCONE
PIRELLI;201802;PIRELLI;SUV; ;ALL SEASONS; ;0;235;60;18;107;V; ; ;SCORPION VERDE ALL SEASON;14300;LR; ;8019227242331;2423300; ; ; ; ;4;212;104.34;EUR;8040786;FERRARI GOMME SNC;ROZZANO FRAZ.QUINTO DE'STAMPI
PIRELLI;201802;PIRELLI;SUV; ;ALL SEASONS; ;0;235;60;18;107;V; ; ;SCORPION VERDE ALL SEASON;14300;LR; ;8019227242331;2423300; ; ; ; ;4;212;114.72;EUR;8017183;LK KOMJANC LUIGI SRL;GORIZIA
PIRELLI;201802;PIRELLI;SUV; ;ALL SEASONS; ;0;235;55;18;104;V; ; ;SCORPION VERDE ALL SEASON;13638; ; ;8019227207996;2079900; ; ; ; ;4;200;98.43;EUR;8040786;FERRARI GOMME SNC;ROZZANO FRAZ.QUINTO DE'STAMPI
PIRELLI;201802;PIRELLI;SUV; ;ALL SEASONS; ;0;235;55;19;105;V; ; ;SCORPION VERDE ALL SEASON;13826;LR; ;8019227195989;1959800; ; ; ; ;4;233;105.67;EUR;8040786;FERRARI GOMME SNC;ROZZANO FRAZ.QUINTO DE'STAMPI
PIRELLI;201802;PIRELLI;SUV; ;ALL SEASONS; ;0;235;55;19;105;V; ; ;SCORPION VERDE ALL SEASON;13826;LR; ;8019227195989;1959800; ; ; ; ;4;233;105.67;EUR;8005347;GUGLIELMO VITTORIO SRL;ROVIGO
PIRELLI;201802;PIRELLI;SUV; ;ALL SEASONS; ;0;245;45;20;99;V; ; ;SCORPION VERDE ALL SEASON;13804;LR; ;8019227195378;1953700; ; ; ; ;4;308;151.58;EUR;8040786;FERRARI GOMME SNC;ROZZANO FRAZ.QUINTO DE'STAMPI
PIRELLI;201802;PIRELLI;SUV; ;SUMMER; ;1;275;40;20;106;W; ; ;P-ZERO;17383;*; ;8019227261806;2618000; ; ; ; ;2;406.5;204.11;EUR;8043214;BREMBATI GOMME SRL;MILANO
PIRELLI;201802;PIRELLI;SUV; ;SUMMER; ;1;315;35;20;110;W; ; ;P-ZERO;18815;*; ;8019227264524;2645200; ; ; ; ;2;572.5;287.47;EUR;8043214;BREMBATI GOMME SRL;MILANO
PIRELLI;201802;PIRELLI;SUV; ;SUMMER; ;0;215;55;18;99;V; ; ;SCORPION VERDE;11188; ; ;8019227232080;2320800; ; ; ; ;4;201;100.93;EUR;8043214;BREMBATI GOMME SRL;MILANO
PIRELLI;201802;PIRELLI;SUV; ;SUMMER; ;0;215;55;18;99;V; ; ;SCORPION VERDE;11188; ; ;8019227232080;2320800; ; ; ; ;2;201;98.92;EUR;8040786;FERRARI GOMME SNC;ROZZANO FRAZ.QUINTO DE'STAMPI
PIRELLI;201802;PIRELLI;SUV; ;SUMMER; ;0;215;55;18;99;V; ; ;SCORPION VERDE;11188; ; ;8019227232080;2320800; ; ; ; ;2;201;104.74;EUR;8005347;GUGLIELMO VITTORIO SRL;ROVIGO
PIRELLI;201802;PIRELLI;SUV; ;SUMMER; ;0;225;55;18;98;V; ; ;SCORPION VERDE;12103; ; ;8019227207316;2073100; ; ; ; ;4;201;94.09;EUR;8040786;FERRARI GOMME SNC;ROZZANO FRAZ.QUINTO DE'STAMPI
PIRELLI;201802;PIRELLI;SUV; ;SUMMER; ;0;225;55;19;99;V; ; ;SCORPION VERDE;12390; ; ;8019227255010;2550100; ; ; ; ;4;204.5;92.14;EUR;8052402;FRATTINI GOMME;CESANO BOSCONE
PIRELLI;201802;PIRELLI;SUV; ;SUMMER; ;0;225;65;17;102;H; ; ;SCORPION VERDE;12782; ; ;8019227213089;2130800; ; ; ; ;4;172.5;81.41;EUR;8052402;FRATTINI GOMME;CESANO BOSCONE
PIRELLI;201802;PIRELLI;SUV; ;SUMMER; ;0;235;45;20;100;W; ; ;PZERO;12972;MO; ;8019227176735;1767300; ; ; ; ;2;327;162.6;EUR;8052402;FRATTINI GOMME;CESANO BOSCONE
PIRELLI;201802;PIRELLI;SUV; ;SUMMER; ;0;235;50;18;97;V; ; ;SCORPION VERDE;11604;AO; ;8019227190137;1901300; ; ; ; ;4;217;101.4;EUR;8052402;FRATTINI GOMME;CESANO BOSCONE
PIRELLI;201802;PIRELLI;SUV; ;SUMMER; ;0;235;55;17;99;V; ; ;SCORPION VERDE;12313;AO; ;8019227190144;1901400; ; ; ; ;8;175.5;87.27;EUR;8052402;FRATTINI GOMME;CESANO BOSCONE
PIRELLI;201802;PIRELLI;SUV; ;SUMMER; ;0;235;55;18;100;V; ; ;SCORPION VERDE;13791; ; ;8019227251999;2519900; ; ; ; ;4;200;98.43;EUR;8040786;FERRARI GOMME SNC;ROZZANO FRAZ.QUINTO DE'STAMPI
PIRELLI;201802;PIRELLI;SUV; ;SUMMER; ;0;235;55;18;100;V; ; ;SCORPION VERDE;12458; ; ;8019227280838;2808300; ; ; ; ;2;185.5;96.67;EUR;8005347;GUGLIELMO VITTORIO SRL;ROVIGO
PIRELLI;201802;PIRELLI;SUV; ;SUMMER; ;0;235;55;19;101;V; ; ;SCORPION VERDE;13589;MO; ;8019227248982;2489800; ; ; ; ;4;228;105.67;EUR;8005347;GUGLIELMO VITTORIO SRL;ROVIGO
PIRELLI;201802;PIRELLI;SUV; ;SUMMER; ;0;235;55;19;105;V; ; ;SCORPION VERDE;13532;VOL; ;8019227275353;2753500; ; ; ; ;2;233;122.68;EUR;8004940;COMMERCIALE  PNEUMATICI  SRL;PRADAMANO
PIRELLI;201802;PIRELLI;SUV; ;SUMMER; ;0;235;60;18;103;W; ; ;SCORPION VERDE;14066;N0; ;8019227249439;2494300; ; ; ; ;2;228;114.49;EUR;8043214;BREMBATI GOMME SRL;MILANO
PIRELLI;201802;PIRELLI;SUV; ;SUMMER; ;0;255;40;20;101;W; ; ;PZERO;13743;MO; ;8019227176742;1767400; ; ; ; ;2;336;167.08;EUR;8052402;FRATTINI GOMME;CESANO BOSCONE
PIRELLI;201802;PIRELLI;SUV; ;SUMMER; ;0;255;45;20;105;W; ; ;SCORPION VERDE;15135; ; ;8019227229714;2297100; ; ; ; ;4;379;188.46;EUR;8052402;FRATTINI GOMME;CESANO BOSCONE
PIRELLI;201802;PIRELLI;SUV; ;SUMMER; ;0;255;45;20;105;W; ; ;SCORPION VERDE;15135; ; ;8019227229714;2297100; ; ; ; ;-4;522.5;196.86;EUR;8005361;SPRINT GOMME SNC;SOAVE
PIRELLI;201802;PIRELLI;SUV; ;SUMMER; ;0;255;55;18;105;W; ; ;SCORPION VERDE;14682;N0; ;8019227249422;2494200; ; ; ; ;2;223.5;112.22;EUR;8043214;BREMBATI GOMME SRL;MILANO
PIRELLI;201802;PIRELLI;SUV; ;SUMMER; ;0;255;55;19;111;W; ; ;PZERO;15139;JLR; ;8019227252880;2528800; ; ; ; ;4;234.5;115.41;EUR;8040786;FERRARI GOMME SNC;ROZZANO FRAZ.QUINTO DE'STAMPI
PIRELLI;201802;PIRELLI;SUV; ;SUMMER; ;0;265;45;20;104;Y; ; ;SCORPION VERDE;14271;MO; ;8019227273342;2733400; ; ; ; ;2;354;177.75;EUR;8043214;BREMBATI GOMME SRL;MILANO
PIRELLI;201802;PIRELLI;SUV; ;WINTER; ;0;215;60;17;100;V; ; ;SCORPION WINTER;10641; ; ;8019227227260;2272600; ; ; ; ;1;314;112.75;EUR;8040786;FERRARI GOMME SNC;ROZZANO FRAZ.QUINTO DE'STAMPI
PIRELLI;201802;PIRELLI;SUV; ;WINTER; ;0;215;65;16;102;H; ; ;SCORPION WINTER;11423; ; ;8019227227246;2272400; ; ; ; ;4;223;88.51;EUR;8018471;PORFIDI GOMME SRL;FORNACE
PIRELLI;201802;PIRELLI;SUV; ;WINTER; ;0;215;65;17;99;H; ; ;SCORPION WINTER;11863; ; ;8019227251968;2519600; ; ; ; ;4;351.5;139.51;EUR;8052402;FRATTINI GOMME;CESANO BOSCONE
PIRELLI;201802;PIRELLI;SUV; ;WINTER; ;0;235;55;19;105;H; ; ;SCORPION WINTER;13766; ; ;8019227241471;2414700; ; ; ; ;4;415;140.27;EUR;8043214;BREMBATI GOMME SRL;MILANO
PIRELLI;201802;PIRELLI;SUV; ;WINTER; ;0;235;60;18;103;V; ; ;SCORPION WINTER;14089;N0; ;8019227227314;2273100; ; ; ; ;2;358;135.33;EUR;8043214;BREMBATI GOMME SRL;MILANO
PIRELLI;201802;PIRELLI;SUV; ;WINTER; ;0;235;60;18;107;H; ; ;SCORPION WINTER;13723; ; ;8019227227307;2273000; ; ; ; ;4;302.5;113.61;EUR;8004940;COMMERCIALE  PNEUMATICI  SRL;PRADAMANO
PIRELLI;201802;PIRELLI;SUV; ;WINTER; ;0;255;55;18;105;V; ; ;SCORPION WINTER;14205;N0; ;8019227227383;2273800; ; ; ; ;2;388.5;146.86;EUR;8043214;BREMBATI GOMME SRL;MILANO
PIRELLI;201802;PIRELLI;light truck; ;ALL SEASONS; ;0;195;70;15;104/102;R; ; ;CARRIER ALL SEASON;12573; ; ;8019227256543;2565400; ; ; ; ;4;125;67.5;EUR;8001432;PIVA GOMME SCHIO S.R.L.;SCHIO
PIRELLI;201802;PIRELLI;light truck; ;ALL SEASONS; ;0;195;75;16;110/108;R; ; ;CARRIER ALL SEASON;13423; ; ;8019227285307;2853000; ; ; ; ;6;142.5;72.19;EUR;8040786;FERRARI GOMME SNC;ROZZANO FRAZ.QUINTO DE'STAMPI
PIRELLI;201802;PIRELLI;light truck; ;ALL SEASONS; ;0;225;70;15;112/110;S; ; ;CARRIER ALL SEASON;15355; ; ;8019227279641;2796400; ; ; ; ;4;171;87.53;EUR;8052402;FRATTINI GOMME;CESANO BOSCONE
PIRELLI;201802;PIRELLI;light truck; ;ALL SEASONS; ;0;225;70;15;112/110;S; ; ;CARRIER ALL SEASON;15355; ; ;8019227279641;2796400; ; ; ; ;4;171;90.03;EUR;8001487;MOSCONI GOMME E SERVICE S.A.S;GREZZANA
PIRELLI;201802;PIRELLI;light truck; ;SUMMER; ;0;175;70;14;88;T; ; ;CARRIER;8678; ; ;8019227216318;2163100; ; ; ; ;8;113.5;59.15;EUR;8005361;SPRINT GOMME SNC;SOAVE
PIRELLI;201802;PIRELLI;light truck; ;SUMMER; ;0;195;60;16;99/97;H; ; ;CARRIER;9567; ; ;8019227243772;2437700; ; ; ; ;4;148.5;75.24;EUR;8040786;FERRARI GOMME SNC;ROZZANO FRAZ.QUINTO DE'STAMPI
PIRELLI;201802;PIRELLI;light truck; ;SUMMER; ;0;195;60;16;99/97;T; ; ;CARRIER;9567; ; ;8019227216363;2163600; ; ; ; ;2;144;73.71;EUR;8052402;FRATTINI GOMME;CESANO BOSCONE
PIRELLI;201802;PIRELLI;light truck; ;SUMMER; ;0;195;75;16;107/105;T; ; ;CARRIER;13500; ; ;8019227249675;2496700; ; ; ; ;6;136.5;71.87;EUR;8001333;PIERIS GOMME S.R.L.;SAN CANZIAN D'ISONZO
PIRELLI;201802;PIRELLI;light truck; ;SUMMER; ;0;225;70;15;112/110;S; ; ;CARRIER;14907; ; ;8019227216516;2165100; ; ; ; ;4;160;84.24;EUR;8005783;LUSI GOMMA S.R.L.;BUONCONVENTO
PIRELLI;201802;PIRELLI;light truck; ;SUMMER; ;0;235;60;17;117/115;R; ; ;CARRIER;16520; ; ;8019227216547;2165400; ; ; ; ;2;227;119.52;EUR;8005783;LUSI GOMMA S.R.L.;BUONCONVENTO
PIRELLI;201802;PIRELLI;light truck; ;WINTER; ;0;195;70;15;104/102;R; ; ;CARRIER WINTER;12317; ; ;8019227243017;2430100; ; ; ; ;2;177.5;72.32;EUR;8001432;PIVA GOMME SCHIO S.R.L.;SCHIO
PIRELLI;201802;PIRELLI;light truck; ;WINTER; ;0;235;65;16;115/113;R; ; ;CARRIER WINTER;15931; ; ;8019227233162;2331600; ; ; ; ;4;321.5;126.26;EUR;8005361;SPRINT GOMME SNC;SOAVE
PIRELLI;201802;PIRELLI;Moto   ; ; ; ;0;140;70;15;69;P; ; ;SPORT DEMON;5520; ; ;8019227162899;1628900; ; ; ; ;1;114;42.45;EUR;8040786;FERRARI GOMME SNC;ROZZANO FRAZ.QUINTO DE'STAMPI
PIRELLI;201802;PIRELLI;Moto     ; ; ; ;0;150;70;14;66;S; ; ;ANGEL SCOOTER;6470; ; ;8019227277197;2771900; ; ; ; ;1;107;39.85;EUR;8040786;FERRARI GOMME SNC;ROZZANO FRAZ.QUINTO DE'STAMPI
PIRELLI;201802;PIRELLI;Moto     ; ; ; ;0;120;70;15;56;S; ; ;ANGEL SCOOTER FRONT;4029; ; ;8019227277050;2770500; ; ; ; ;1;87;32.4;EUR;8040786;FERRARI GOMME SNC;ROZZANO FRAZ.QUINTO DE'STAMPI
PIRELLI;201802;PIRELLI;Moto    ; ; ; ;0;180;55;17;73;W; ; ;DIABLO ROSSO CORSA II;6136; ; ;8019227290714;2907100; ; ; ; ;1;262;118.11;EUR;8019631;FURLANGOMME SRL;UDINE
PIRELLI;201802;PIRELLI;Moto    ; ; ; ;0;180;55;17;73;W; ; ;DIABLO ROSSO CORSA II;6136; ; ;8019227290714;2907100; ; ; ; ;1;262;123.14;EUR;8004940;COMMERCIALE  PNEUMATICI  SRL;PRADAMANO
PIRELLI;201802;PIRELLI;Moto    ; ; ; ;0;120;70;17;58;W; ; ;DIABLO ROSSO CORSA II FRONT;4381; ; ;8019227290691;2906900; ; ; ; ;1;198;89.26;EUR;8019631;FURLANGOMME SRL;UDINE
PIRELLI;201802;PIRELLI;Moto       ; ; ; ;0;150;70;17;69;V; ; ;SCORPION TRAIL II;7240; ; ;8019227252712;2527100; ; ; ; ;1;199;93.53;EUR;8004940;COMMERCIALE  PNEUMATICI  SRL;PRADAMANO
PIRELLI;201802;PIRELLI;Moto       ; ; ; ;0;120;70;19;60;V; ; ;SCORPION TRAIL II FRONT;5087; ; ;8019227280289;2802800; ; ; ; ;1;159;74.73;EUR;8004940;COMMERCIALE  PNEUMATICI  SRL;PRADAMANO
PIRELLI;201802;PIRELLI;Moto                       ; ; ; ;0;120;70;19;60;T; ; ;SCORPION RALLY;5565; ; ;8019227243925;2439200; ; ; ; ;1;152;68.52;EUR;8019631;FURLANGOMME SRL;UDINE
PIRELLI;201802;PIRELLI;Moto                       ; ; ; ;0;110;80;19;59;V; ; ;SCORPION RALLY STR FRONT;5160; ; ;8019227286519;2865100; ; ; ; ;1;156;70.32;EUR;8019631;FURLANGOMME SRL;UDINE
PIRELLI;201802;PIRELLI;Moto                       ; ; ; ;0;170;60;17;72;T; ; ;SCORPION RALLY;7367; ; ;8019227243963;2439600; ; ; ; ;1;208;93.77;EUR;8019631;FURLANGOMME SRL;UDINE
PIRELLI;201802;METZELER;Moto   ; ; ; ;0;130;80;18;66;V; ; ;LASERTEC;6825; ; ;8019227153316;1533100; ; ; ; ;1;158;74.26;EUR;8018852;GOMMOLO SRL;ALBANO LAZIALE
PIRELLI;201802;METZELER;Moto   ; ; ; ;0;150;60;17;66;H; ; ;SPORTEC STREET;6367; ; ;8019227271584;2715800; ; ; ; ;1;140;64.48;EUR;8040786;FERRARI GOMME SNC;ROZZANO FRAZ.QUINTO DE'STAMPI
PIRELLI;201802;METZELER;Moto   ; ; ; ;0;120;80;16;60;V; ; ;LASERTEC FRONT;5676; ; ;8019227153118;1531100; ; ; ; ;1;142;66.74;EUR;8018852;GOMMOLO SRL;ALBANO LAZIALE
PIRELLI;201802;METZELER;Moto   ; ; ; ;0;110;70;17;54;H; ; ;SPORTEC STREET FRONT;3724; ; ;8019227271539;2715300; ; ; ; ;1;96;44.22;EUR;8040786;FERRARI GOMME SNC;ROZZANO FRAZ.QUINTO DE'STAMPI
PIRELLI;201802;METZELER;Moto                                                                                         ; ; ; ;0;3.50;;18;56;S; ; ;PERFECT ME 77;4287; ; ;8019227013054;130500; ; ; ; ;1;98;44.18;EUR;8019631;FURLANGOMME SRL;UDINE
PIRELLI;201802;METZELER;Moto                                                                                         ; ; ; ;0;3.25;;19;54;S; ; ;PERFECT ME 11;4739; ; ;8019227011111;111100; ; ; ; ;1;109;49.14;EUR;8019631;FURLANGOMME SRL;UDINE
PIRELLI;201802;METZELER;Moto ; ; ; ;0;180;55;17;73;W; ; ;SPORTEC M7 RR;6231; ; ;8019227245035;2450300; ; ; ; ;1;240;109.3;EUR;8005347;GUGLIELMO VITTORIO SRL;ROVIGO
PIRELLI;201802;METZELER;Moto ; ; ; ;0;180;55;17;73;W; ; ;SPORTEC M7 RR;6231; ; ;8019227245035;2450300; ; ; ; ;1;240;112.8;EUR;8004940;COMMERCIALE  PNEUMATICI  SRL;PRADAMANO
PIRELLI;201802;METZELER;Moto ; ; ; ;0;120;70;17;58;W; ; ;SPORTEC M7 RR FRONT;4162; ; ;8019227252088;2520800; ; ; ; ;1;182;85.54;EUR;8004940;COMMERCIALE  PNEUMATICI  SRL;PRADAMANO
PIRELLI;201802;METZELER;Moto       ; ; ; ;0;150;70;17;69;V; ; ;TOURANCE NEXT;7253; ; ;8019227208481;2084800; ; ; ; ;1;200;94;EUR;8004940;COMMERCIALE  PNEUMATICI  SRL;PRADAMANO
PIRELLI;201802;METZELER;Moto       ; ; ; ;0;110;80;19;59;V; ; ;TOURANCE NEXT FRONT;5223; ; ;8019227208474;2084700; ; ; ; ;1;161;75.67;EUR;8004940;COMMERCIALE  PNEUMATICI  SRL;PRADAMANO
PIRELLI;201802;METZELER;Moto                                         ; ; ; ;0;120;90;18;65;M; ; ;MCE 6 DAYS EXTREME;4784; ; ;8019227162387;1623800; ; ; ; ;1;110;50.67;EUR;8040786;FERRARI GOMME SNC;ROZZANO FRAZ.QUINTO DE'STAMPI
PIRELLI;201802;METZELER;Moto                                         ; ; ; ;0;140;80;18;70;M; ; ;MCE 6 DAYS EXTREME;5666; ; ;8019227252996;2529900; ; ; ; ;1;120;54.1;EUR;8019631;FURLANGOMME SRL;UDINE
PIRELLI;201802;METZELER;Moto                                         ; ; ; ;0;140;80;18;70;M; ; ;MCE 6 DAYS EXTREME;5563; ; ;8019227280395;2803900; ; ; ; ;1;127;57.25;EUR;8019631;FURLANGOMME SRL;UDINE
PIRELLI;201802;METZELER;Moto                                                            ; ; ; ;0;130;60;13;53;L; ; ;ME 7 TEEN;3321; ; ;8019227258905;2589000; ; ; ; ;1;56;20.51;EUR;8005347;GUGLIELMO VITTORIO SRL;ROVIGO
PIRELLI;201802;METZELER;Moto                                                            ; ; ; ;0;140;60;13;57;L; ; ;ME 7 TEEN;3857; ; ;8019227093193;931900; ; ; ; ;1;63;23.08;EUR;8005347;GUGLIELMO VITTORIO SRL;ROVIGO
